url,
Waktu solat,
Waktu solat hari ini,
Jadual waktu solat,
Waktu solat 2024,
Waktu solat JAKIM,
Waktu azan,
Waktu sembahyang,
Waktu solat Subuh,
Waktu solat Zohor,
Waktu solat Asar,
Waktu solat Maghrib,
Waktu solat Isyak,
Takwim solat,
Jadual solat,
Waktu solat terkini,
Waktu solat online,
Waktu masuk solat,
Waktu solat tepat,
Waktu solat bulanan,
Arah kiblat,
Waktu imsak,
Waktu imsak hari ini,
Jadual imsak,
Waktu syuruk,
Waktu solat Jumaat,
Waktu solat Wilayah Persekutuan,
Waktu solat Selangor,
Waktu solat Johor,
Waktu solat Perak,
Waktu solat Kedah,
Waktu solat Pulau Pinang,
Waktu solat Melaka,
Waktu solat Negeri Sembilan,
Waktu solat Pahang,
Waktu solat Terengganu,
Waktu solat Kelantan,
Waktu solat Sabah,
Waktu solat Sarawak,
Waktu solat Perlis,
Waktu solat Putrajaya,
Waktu solat Labuan,
Jadual solat tahunan,
Muat turun jadual waktu solat,
Waktu solat dan kiblat,
Waktu dhuha,
Semak waktu solat,
Waktu solat seluruh Malaysia,
Jadual solat hari ini,
Jadual solat bulanan,
Waktu solat esok,
Waktu solat terdekat,
Waktu Subuh,
Waktu Zohor,
Waktu Asar,
Waktu Maghrib,
Waktu Isyak,
Masuk Waktu Solat,
Waktu Solat Gombak,
Waktu Solat Klang,
Waktu Solat Serdang,
Jadual Waktu Imsak,
Jadual Waktu Solat PDF,
Azan Waktu Solat,
Waktu Solat dan Imsak,
Waktu Solat Zon,
Aplikasi Waktu Solat,
Waktu Masuk Solat Fardhu,
Jadual Sembahyang,
Waktu Solat Kuala Muda,
Waktu Solat Petaling,
Waktu Solat Hulu Langat,
Jadual Waktu Solat Tahunan,
Takwim Solat 2024,
Laungan Azan,
Waktu Solat MAIS,
Waktu Solat JAIS,
Waktu Berbuka dan Imsak,
Waktu Solat Digital,
Jadual Waktu Solat Mingguan,
Waktu Solat Subuh Hari Ini,
Waktu Solat Maghrib Hari Ini,
Waktu Solat mengikut kawasan,
Notifikasi Waktu Solat,
Kalendar Waktu Solat,
Waktu Solat GPS,
Jadual Waktu Solat JAWI,
Waktu Solat Putrajaya 2024,
Waktu Solat Kuantan 2024,
Waktu Solat Seremban 2,
Waktu Solat Pulau Pinang 2024,
Waktu Tamat Subuh,
Awal Waktu Solat,
Akhir Waktu Solat,
Pukul Berapa Waktu Solat,
Waktu Solat Yang Betul,
Waktu Solat Rasmi,
Jadual Waktu Solat 2025,
Cari Waktu Solat,
Lihat Jadual Solat,
Jam Waktu Solat Digital,
Widget Waktu Solat,
Waktu Solat dan Arah Kiblat,
Waktu Syuruk Hari Ini,
Waktu Solat Sepang,
Waktu Solat Kajang,
Waktu Solat Ampang,
Waktu Solat Rawang,
Waktu Solat Batu Pahat,
Waktu Solat Muar,
Waktu Solat Taiping,
Waktu Tamat Solat Subuh,
Akhir Waktu Solat Asar,
Waktu Afdhal Solat,
Takwim Sembahyang,
Notis Waktu Solat,
Pemberitahu Waktu Solat,
Info Waktu Solat,
Waktu Solat Kuala Lumpur 2025,
Jadual Solat Sepanjang Tahun,
Waktu Solat dan Terjemahan,
Waktu Solat untuk Android,
Waktu Solat untuk iPhone,
Waktu Solat Langkawi,
Waktu Solat Cameron Highlands,
Waktu Solat Genting Highlands,
Portal Rasmi Waktu Solat,
Cara Kira Waktu Solat,
Waktu Solat Berdasarkan Lokasi,
Penggera Azan,
Waktu Solat Setempat,
Masa Solat,
Waktu Solat Subuh Pagi Ini,
Waktu Solat Maghrib Petang Ini,
Cetak Jadual Waktu Solat,
Waktu Solat mengikut Zon,
Waktu Solat Daerah,
Bila Masuk Waktu Asar,
Zohor Masuk Pukul Berapa,
Solat Isyak Sampai Pukul Berapa,
Waktu Solat e-Solat,
Kemaskini Waktu Solat,
Waktu Solat Tepat JAKIM,
Waktu Solat Bandar,
Jadual Solat Mingguan,
Waktu Solat Kuala Langat,
Waktu Solat Kuala Selangor,
Waktu Solat Sabak Bernam,
Waktu Solat Ulu Selangor,
Waktu Solat Miri,
Waktu Solat Sibu,
Waktu Solat Bintulu,
Waktu Solat Sandakan,
Waktu Solat Tawau,
Paparan Waktu Solat,
Waktu Solat Automatik,
Panduan Waktu Solat,
Laman Web Waktu Solat,
Waktu Solat Versi Cetak,
Takwim Solat JAKIM,
Pengiraan Waktu Solat,
Waktu Solat Akurat,
Aplikasi Azan Malaysia,
Waktu Solat Desktop,
Jadual Waktu Solat Boleh Edit,
Waktu Solat Kuala Pilah,
Waktu Solat Rembau,
Waktu Solat Temerloh,
Waktu Solat Pekan,
Semakan Waktu Solat,
Jadual Solat Lengkap,
Waktu Solat Harian,
Waktu Solat Mingguan,
Waktu Azan Terkini,
Waktu Dhuha Hari Ini,
Waktu Tahajjud,
Waktu Imsak dan Subuh,
Sumber Waktu Solat,
Penentuan Waktu Solat,
Waktu Solat Falak,
Penggera Waktu Solat,
Waktu Solat Lembah Klang,
Waktu Solat Cyberjaya,
Waktu Solat UTC+8,
Waktu Solat Interaktif,
Waktu Solat untuk Laman Web,
API Waktu Solat,
Sistem Waktu Solat,
Waktu Solat dan Kiraan Detik,
Langganan Waktu Solat,
Waktu Solat Tepat dan Benar,
Jadual Imsakiyah,
Waktu Solat Peringatan,
Waktu Solat Boleh Cetak,
Waktu Solat Berdasarkan GPS,
Jadual Solat Sepanjang Hayat,
Kompas Kiblat dan Waktu Solat,
Waktu Solat Universal,
Waktu Masuk Solat Hari Ini,
Waktu Solat Setahun,
Waktu Solat Jam Tangan,
Waktu Solat TV,
Waktu Solat Radio,
Waktu Solat Kerajaan,
Waktu Solat MUIS,
Waktu Solat Keningau,
Waktu Solat Lahad Datu,
Waktu Solat Dungun,
Waktu Solat Kemaman,
Waktu Solat Manjung,
Waktu Solat Larut Matang,
Waktu solat Kuala Lumpur,
Waktu solat Shah Alam,
Waktu solat Johor Bahru,
Waktu solat Ipoh,
Waktu solat Georgetown,
Waktu solat Kuantan,
Waktu solat Kota Bharu,
Waktu solat Alor Setar,
Waktu solat Seremban,
Waktu solat Kota Kinabalu,
Waktu solat Kuching,
Waktu solat hari ini Kuala Lumpur,
Waktu solat hari ini Shah Alam,
Waktu solat hari ini Johor Bahru,
Waktu solat hari ini Ipoh,
Waktu solat hari ini Georgetown,
Waktu solat hari ini Kota Kinabalu,
Jadual waktu solat Selangor,
Jadual waktu solat Johor,
Jadual waktu solat Perak,
Jadual waktu solat Pulau Pinang,
Jadual waktu solat Kedah,
Jadual waktu solat Pahang,
Jadual waktu solat Terengganu,
Jadual waktu solat Kelantan,
Jadual waktu solat Sabah,
Jadual waktu solat Sarawak,
Jadual waktu solat Kuala Lumpur,
Waktu solat 2024 Malaysia,
Waktu solat 2024 Selangor,
Waktu solat 2024 Johor,
Waktu solat JAKIM Kuala Lumpur,
Waktu solat JAKIM Selangor,
Waktu solat JAKIM Johor Bahru,
Waktu azan Kuala Lumpur,
Waktu azan Shah Alam,
Waktu azan Ipoh,
Waktu sembahyang Kuala Lumpur,
Waktu sembahyang Johor Bahru,
Waktu sembahyang Kota Kinabalu,
Waktu solat Subuh Kuala Lumpur,
Waktu solat Subuh Shah Alam,
Waktu solat Zohor Kuala Lumpur,
Waktu solat Zohor Georgetown,
Waktu solat Asar Kuala Lumpur,
Waktu solat Asar Kota Bharu,
Waktu solat Maghrib Kuala Lumpur,
Waktu solat Maghrib Kuching,
Waktu solat Isyak Kuala Lumpur,
Waktu solat Isyak Putrajaya,
Takwim solat 2024 Malaysia,
Takwim solat Kuala Lumpur,
Jadual solat Kuala Lumpur,
Jadual solat Shah Alam,
Waktu solat terkini Kuala Lumpur,
Waktu solat online Selangor,
Waktu masuk solat Kuala Lumpur,
Waktu solat tepat Kuala Lumpur,
Waktu solat bulanan Selangor,
Waktu solat bulanan Johor,
Arah kiblat Kuala Lumpur,
Arah kiblat Malaysia,
Waktu imsak Kuala Lumpur,
Waktu imsak hari ini Selangor,
Jadual imsak Kuala Lumpur,
Waktu syuruk Kuala Lumpur,
Waktu solat Jumaat Kuala Lumpur,
Waktu solat Jumaat Shah Alam,
Jadual solat tahunan 2024,
Muat turun jadual waktu solat 2024,
Waktu solat dan kiblat Malaysia,
Waktu dhuha Kuala Lumpur,
Jadual solat hari ini Kuala Lumpur,
Jadual solat bulanan Selangor,
Waktu solat esok Kuala Lumpur,
Waktu Solat Kuala Terengganu,
Jadual Waktu Solat Penang,
Waktu Solat Hari Ini Selangor,
Waktu Solat JAKIM Johor,
Waktu Solat JAKIM Perak,
Takwim Solat Selangor,
Takwim Solat Johor,
Waktu Azan Selangor,
Waktu Subuh Kuala Lumpur,
Waktu Subuh Selangor,
Waktu Zohor Kuala Lumpur,
Waktu Asar Kuala Lumpur,
Waktu Maghrib Kuala Lumpur,
Waktu Maghrib Selangor,
Waktu Isyak Kuala Lumpur,
Jadual Solat Tahunan Kuala Lumpur,
Masuk Waktu Solat Kuala Lumpur,
Jadual Waktu Imsak Kuala Lumpur,
Waktu Solat Jumaat Selangor,
Waktu Solat Terkini Selangor,
Waktu Solat Terkini Johor Bahru,
Waktu Solat Terkini Penang,
Waktu Solat Tepat Selangor,
Jadual Waktu Solat PDF Selangor,
Jadual Waktu Solat PDF Johor,
Azan Waktu Solat Kuala Lumpur,
Waktu Solat dan Imsak Kuala Lumpur,
Waktu Solat dan Imsak Selangor,
Semak Waktu Solat Kuala Lumpur,
Waktu Solat Zon 1 Johor,
Waktu Solat Zon 2 Perak,
Waktu Solat Zon 3 Pahang,
Aplikasi Waktu Solat Malaysia,
Waktu Masuk Solat Fardhu Kuala Lumpur,
Jadual Sembahyang Kuala Lumpur,
Jadual Waktu Solat Tahunan 2024 Selangor,
Takwim Solat 2024 Kuala Lumpur,
Laungan Azan Subuh Kuala Lumpur,
Waktu Solat MAIS Selangor,
Waktu Solat JAIS Selangor,
Waktu Berbuka dan Imsak Selangor,
Waktu Solat Online Kuala Lumpur,
Waktu Solat Digital Masjid,
Jadual Waktu Solat Mingguan Selangor,
Waktu Solat Subuh Hari Ini Kuala Lumpur,
Waktu Solat Maghrib Hari Ini Kuala Lumpur,
Waktu Solat mengikut kawasan Selangor,
Kalendar Waktu Solat 2024,
Waktu Solat GPS Malaysia,
Waktu Dhuha Selangor,
Waktu Tamat Subuh Kuala Lumpur,
Awal Waktu Solat Asar,
Akhir Waktu Solat Isyak,
Pukul Berapa Waktu Solat Kuala Lumpur,
Pukul Berapa Waktu Solat Selangor,
Pukul Berapa Waktu Solat Johor,
Waktu Solat Yang Betul Kuala Lumpur,
Waktu Solat Rasmi JAKIM,
Waktu Solat Rasmi Selangor,
Jadual Waktu Solat 2025 Selangor,
Jadual Waktu Solat 2025 Kuala Lumpur,
Cari Waktu Solat Kuala Lumpur,
Lihat Jadual Solat Selangor,
Jam Waktu Solat Digital Malaysia,
Widget Waktu Solat Android,
Waktu Solat dan Arah Kiblat Kuala Lumpur,
Waktu Solat dan Arah Kiblat Selangor,
Waktu Imsak Hari Ini Kuala Lumpur,
Waktu Syuruk Hari Ini Kuala Lumpur,
Waktu Syuruk Hari Ini Johor,
Waktu Tamat Solat Subuh Kuala Lumpur,
Akhir Waktu Solat Asar Selangor,
Waktu Afdhal Solat Isyak,
Takwim Sembahyang 2025,
Notis Waktu Solat Kuala Lumpur,
Info Waktu Solat Selangor,
Jadual Solat Sepanjang Tahun 2025,
Waktu Solat dan Terjemahan Azan,
Portal Rasmi Waktu Solat Malaysia,
Waktu Solat Berdasarkan Lokasi Saya,
Penggera Azan Subuh,
Waktu Solat Setempat Kuala Lumpur,
Waktu Solat Setempat Shah Alam,
Jadual Solat Bulanan Johor,
Jadual Solat Bulanan Perak,
Masa Solat Kuala Lumpur,
Masa Solat Selangor,
Waktu Solat Subuh Pagi Ini Kuala Lumpur,
Waktu Solat Maghrib Petang Ini Selangor,
Cetak Jadual Waktu Solat 2024 Selangor,
Waktu Solat mengikut Zon Johor,
Waktu Solat mengikut Zon Pahang,
Waktu Solat Daerah Petaling,
Waktu Solat Daerah Klang,
Waktu Solat Daerah Gombak,
Waktu Solat Daerah Kinta,
Bila Masuk Waktu Asar Kuala Lumpur,
Zohor Masuk Pukul Berapa Selangor,
Solat Isyak Sampai Pukul Berapa Kuala Lumpur,
Waktu Solat e-Solat Selangor,
Kemaskini Waktu Solat Kuala Lumpur,
Waktu Solat Tepat JAKIM Selangor,
Waktu Solat Bandaraya Melaka,
Waktu Solat Bandaraya Ipoh,
Jadual Solat Mingguan Kuala Lumpur,
Paparan Waktu Solat untuk Masjid,
Waktu Solat Automatik mengikut Lokasi,
Panduan Waktu Solat Malaysia,
Laman Web Waktu Solat Rasmi,
Waktu Solat Versi Cetak Selangor,
Takwim Solat JAKIM 2024,
Pengiraan Waktu Solat Falak,
Waktu Solat Akurat Kuala Lumpur,
Waktu Solat untuk Desktop,
Semakan Waktu Solat Kuala Lumpur,
Semakan Waktu Solat Selangor,
Semakan Waktu Solat Johor,
Jadual Solat Lengkap 2024 Selangor,
Jadual Solat Lengkap 2024 Kuala Lumpur,
Waktu Solat Harian Kuala Lumpur,
Waktu Solat Harian Selangor,
Waktu Solat Mingguan Johor,
Waktu Solat Mingguan Pulau Pinang,
Waktu Azan Terkini Kuala Lumpur,
Waktu Azan Terkini Selangor,
Waktu Dhuha Hari Ini Kuala Lumpur,
Waktu Dhuha Hari Ini Selangor,
Waktu Tahajjud Kuala Lumpur,
Waktu Imsak dan Subuh Selangor,
Waktu Imsak dan Subuh Johor,
Sumber Waktu Solat JAKIM,
Penentuan Waktu Solat Malaysia,
Waktu Solat Falak Selangor,
Penggera Waktu Solat Azan,
Waktu Solat Malaysia UTC+8,
Waktu Solat Interaktif Malaysia,
Widget Waktu Solat untuk Laman Web,
API Waktu Solat Malaysia,
Sistem Waktu Solat Masjid,
Waktu Solat dan Kiraan Detik Kuala Lumpur,
Langganan Waktu Solat Emel,
Waktu Solat Tepat dan Benar Selangor,
Jadual Imsakiyah 2024 Kuala Lumpur,
Peringatan Waktu Solat App,
Jadual Waktu Solat Boleh Cetak Selangor,
Aplikasi Kompas Kiblat dan Waktu Solat,
Waktu Masuk Solat Asar Hari Ini Kuala Lumpur,
Waktu Solat Setahun 2024 Selangor,
Waktu Solat Jam Tangan Pintar,
Waktu Solat di TV Al-Hijrah,
Waktu Solat di Radio IKIM,
Waktu Solat Laman Web Kerajaan,
Waktu Solat MUIS (untuk perbandingan),
"Waktu Solat Larut, Matang dan Selama",
,
,
,
,
,
,
,
,
,
,
,
,
,
,
,
,
,
,
,
,
,
,
,
,
,
,
,
,
,
,
,
,
,
,
,
,
,
,
,
,
,
,
,
,
,
,
,
,
,
,
,
,
,
,
,
,
,
,
,
,
,
,
,
,
,
,1/
,
,
,
,
,
,
,
,
,
,1/
