urls,competitors urls
salah times lilongwe,https://www.islamicfinder.org/world/malawi/927967/lilongwe-prayer-times/
salah times lilongwe,https://www.salahtimes.com/malawi/lilongwe
salah times lilongwe,https://app.muslimpro.com/prayer-times/malawi/prayer-times-lilongwe/927967
salah times lilongwe,https://muslimandquran.com/prayer-times/927967/lilongwe
salah times lilongwe,https://hamariweb.com/islam/lilongwe_prayer-timing126939.aspx
salah times lilongwe,https://jamiat.org.za/salaah-times.php?ref=pst&id=ae86c7d26130bc71d5493f2e01bff2dc43629dba
salah times lilongwe,https://app.muslimpro.com/prayer-times/malawi/%D9%86%D9%85%D8%A7%D8%B2%20%DA%A9%DB%92%20%D8%A7%D9%88%D9%82%D8%A7%D8%AAlilongwe/927967
salah times lilongwe,https://www.islamicfinder.org/world/malawi/44543389/lilongwe-international-prayer-times/
salah times lilongwe,https://masjidbox.com/prayer-times/masjid-riyadhul-jannah
salah times lilongwe,https://salattimes.com/lilongwe-malawi/
swallah time,https://www.islamicfinder.org/world/bangladesh/1185241/dhaka-prayer-times/
swallah time,https://salat.habibur.com/world/bd/1185241/
swallah time,https://hamariweb.com/islam/dhaka_prayer-timing13750.aspx
swallah time,https://www.edarabia.com/prayer-times-dhaka/
swallah time,https://app.muslimpro.com/prayer-times/bangladesh/prayer-times-dhaka/1185241
swallah time,https://www.prayertime.online/bangladesh/dhaka-bd-bd-4933/
swallah time,https://salattimes.com/dhaka-bangladesh/
swallah time,https://www.salahtimes.com/bangladesh/dhaka
swallah time,https://timesprayer.com/en/bangladesh-bd/dhaka/
swallah time,https://www.dawateislami.net/prayer-times/world/bangladesh/dhaka-prayer-times
tahajjud time bristol,https://hamariweb.com/islam/bristol_nawafil-prayer-timing166047.aspx
tahajjud time bristol,"https://en.wikipedia.org/wiki/Tahajjud#:~:text=Tahajjud%20may%20be%20performed%20before,before%20the%20obligatory%20Fajr%20prayer."
tahajjud time bristol,"https://www.alwalidacademy.com/what-time-is-the-last-third-of-the-night/#:~:text=Tahajjud%20can%20be%20prayed%20any,Qiyam%20al%2DLayl%20and%20rewarded."
tahajjud time bristol,https://www.islamic-relief.org.uk/resources/prayer-timetables/bristol/
tahajjud time bristol,"https://www.arabiantongue.com/how-long-before-fajr-can-i-pray-tahajjud/#:~:text=The%20answer%20is%20yes%E2%80%94as,as%2010%E2%80%9315%20minutes%20prior."
tahajjud time bristol,https://www.urdupoint.com/islam/bristol-nawafil-prayer-timings.html
tahajjud time bristol,https://hamariweb.com/islam/south-bristol_nawafil-prayer-timing179684.aspx
tahajjud time bristol,https://islamuna.com/prayer-time/united-kingdom/bristol-tahajjud-ishraq-time
tahajjud time bristol,https://www.urdupoint.com/islam/bristolville-nawafil-prayer-timings.html
tahajjud time bristol,https://islamuna.com/prayer-time/united-kingdom/bristol-zawal-time
fajr time,"https://www.edarabia.com/prayer-times-dhaka/#:~:text=Today's%20Prayer%20Time%20Dhaka%20are,Prayer%20Time%2006%3A45%20PM."
fajr time,"https://www.edarabia.com/prayer-times-bangladesh/#:~:text=Today's%20Prayer%20Time%20Bangladesh%20are,Prayer%20Time%2006%3A44%20PM."
asr time,"https://www.islamweb.net/en/fatwa/465880/praying-before-the-actual-start-of-the-time-of-the-prayer#:~:text=Praying%20before%20the%20actual%20prayer,valid%20before%20its%20specified%20time."
when fajr time start,"https://en.wikipedia.org/wiki/Salah_times#:~:text=Fajr%20begins%20at%20subh%20saadiq,sky%E2%80%94and%20ends%20at%20sunrise."
when fajr time start,"https://www.edarabia.com/prayer-times-bangladesh/#:~:text=These%20times%20vary%20daily%20and,Prayer%20Time%2006%3A46%20PM."
time for salah,"https://www.mymasjid.ca/beginners-guide-learn-pray-salah/chapter-5/#:~:text=We%20are%20now%20going%20to,%2C%20and%20Isha%20(nightfall)."
time for salah,"https://www.edarabia.com/prayer-times-bangladesh/#:~:text=Today's%20Prayer%20Time%20Bangladesh%20are,Prayer%20Time%2006%3A46%20PM."
salat time table,https://www.islamicfinder.org/world/bangladesh/
salat time table,https://timesprayer.org/en-bd/81/dhaka
salat time table,https://prayertimes.date/dhaka-bd-bd-4933
zohar namaz time today,"https://www.edarabia.com/prayer-times-dhaka/#:~:text=Prayer%20Time%20Today%20in%20Dhaka,20th%20of%20Oct%202025)%20are%3A&text=These%20times%20vary%20daily%20and,Prayer%20Time%2006%3A45%20PM."
zohar namaz time today,"https://www.quora.com/Can-you-pray-20-minutes-before-the-next-prayer-in-Islam#:~:text=No%2C%20you%20cannot%20pray%2020,to%20adhere%20to%20these%20timings."
isha time,"https://islamqa.info/en/answers/10125#:~:text=The%20'Isha%20prayer%20must%20be,al%2DSalah%2C%20964)."
isha time,"https://www.jibreel.app/islamqa/can-pray-isha-after-12-am-midnight#:~:text=It%20is%20preferred%20to%20pray,interval%20between%20Maghrib%20and%20Fajr."
prayer time hanafi,"https://www.edarabia.com/prayer-times-dhaka/#:~:text=These%20times%20vary%20daily%20and,Prayer%20Time%2006%3A45%20PM."
prayer time hanafi,"https://www.jibreel.app/islamqa/what-time-does-isha-end#:~:text=According%20to%20the%20Hanafi%20school,way%20until%20Fajr%20(dawn).&text=In%20other%20words%2C%20technically%20Isha,until%20the%20moment%20Fajr%20starts."
asr salah time,https://timesprayer.com/en/prayer-times-in-dhaka.html
asr salah time,https://duaruqyah.com/countries/bangladesh/prayer-times-dhaka
salat time,https://sm40.com/salat-time
subh prayer time,"https://nooracademy.com/subh-and-fajr-prayer/#:~:text=Meaning%3A%20%E2%80%9CSubh%E2%80%9D%20is%20also,or%20the%20time%20around%20dawn."
maghrib time,"https://en.wikipedia.org/wiki/Salah_times#:~:text=For%20example%2C%20the%20Maghrib%20prayer,red%20twilight%20from%20the%20west."
maghrib time,"https://islamqa.info/en/answers/39818#:~:text=Missing%20the%20time%20for%20prayer,-Missing%20the%20time&text=This%20is%20a%20major%20sin,%2C%20without%20a%20legitimate%20excuse.%E2%80%9D"
maghrib time,"http://wahidkhorasani.com/English/Fatwa/Content/218_Fatwa/379_The-Time-for-Maghrib-and-Ish%C3%81-PrayersTo-Be-Checked#:~:text=The%20time%20for%20maghrib%20and,the%20second%20fajr)%20sets%20in."
namaz time in malawi,"https://www.alwalidacademy.com/forbidden-times-of-salah/#:~:text=As%20mentioned%2C%20Muslims%20are%20banned,it%20is%20disliked%20(tanzihan)."
namaz time in malawi,"https://www.state.gov/reports/2022-report-on-international-religious-freedom/malawi#:~:text=Religious%20Demography,Christian%20and%2013.8%20percent%20Muslim."
namaz time in malawi,"https://www.worldprayer.net/malawi#:~:text=We%20pray%20for%20salvation%20to,up%20the%20poor%20in%20Malawi."
namaz time in malawi,https://www.timeanddate.com/worldclock/malawi
namaz time in malawi,https://www.islamicfinder.org/world/malawi/
namaz time in malawi,https://app.muslimpro.com/prayer-times/malawi
namaz time in malawi,https://www.dawateislami.net/prayer-times/world/malawi
namaz time in malawi,https://muslimandquran.com/prayer-times/931755/blantyre
namaz time in malawi,https://athanpro.com/countries/malawi
asr prayer time today,"https://en.wikipedia.org/wiki/Asr_(prayer)#:~:text=Time%20begins%3A%20once%20the%20Dhuhr,the%20setting%20of%20the%20Sun."
asr prayer time today,https://www.youtube.com/watch?v=Jf02asB4vkI
fajr,"https://www.muslimconverts.com/prayer/how_to_pray.htm#:~:text=The%20Fajr%20salah%20is%20the,Muslim%20prayers%20of%20the%20day.&text=The%20FAJR%20(morning)%20Prayer%20consists,prayer%20consists%20of%203%20rakats)."
fajr,"https://www.edarabia.com/prayer-times-doha/#:~:text=Today's%20Prayer%20Time%20Doha%20are,Prayer%20Time%2006%3A32%20PM."
fajr prayer time,"https://almahadtravels.com/blog/when-to-pray-fajr-sunnah/#:~:text=As%20specified%2C%20Fajr%20timing%20is,while%20the%20sun%20is%20rising."
maghrib,"https://en.wikipedia.org/wiki/Fixed_prayer_times#:~:text=For%20example%2C%20the%20Maghrib%20prayer,red%20twilight%20from%20the%20west."
maghrib,"https://www.islamicreliefcanada.org/resources/prayer-times/eastern-standard-time#:~:text=Maghrib%20is%20an%20Arabic%20word,is%20performed%20at%20this%20time."
maghrib,https://prayertim.es/6025
maghrib time today,https://timesprayer.org/en-bd/81/dhanmondi
prayer time today,"https://en.wikipedia.org/wiki/Maghrib_(prayer)#:~:text=According%20to%20Shia%20and%20Sunni,start%20of%20the%20Isha%20prayer."
prayer time in ulaanbaatar,https://www.islamicfinder.org/world/mongolia/2028462/ulan-bator-prayer-times/
prayer time in ulaanbaatar,https://www.islamicfinder.org/world/mongolia/
prayer time in ulaanbaatar,https://muslimandquran.com/prayer-times/2028462/ulan-bator
prayer time in ulaanbaatar,https://athanpro.com/countries/mongolia/ulaanbaatar
prayer time in ulaanbaatar,https://app.muslimpro.com/prayer-times/mongolia
prayer time in ulaanbaatar,https://timesprayer.org/en-mn/20/ulan-bator
prayer time in ulaanbaatar,https://hamariweb.com/islam/ulaanbaatar_prayer-timing126640.aspx
prayer time in ulaanbaatar,https://aladhan.com/play/Ulaanbaatar/Mongolia
prayer time in ulaanbaatar,https://app.muslimpro.com/prayer-times/mongolia/prayer-times-ulan-bator/2028462
prayer time in ulaanbaatar,https://prayertimes.date/country/mongolia
prayer timings perth,https://www.islamicfinder.org/world/australia/2063523/perth-prayer-times/
prayer timings perth,https://www.prayertime.online/australia/perth-4/
prayer timings perth,https://app.muslimpro.com/prayer-times/australia/prayer-times-perth/2063523
prayer timings perth,https://www.microburbs.com.au/People-Lifestyle/Top-suburbs-for-Islam/Perth
prayer timings perth,"https://en.wikipedia.org/wiki/Shia_Islam#:~:text=Practices,-Shia%20Muslims%20gathered&text=Shia%20religious%20practices%2C%20such%20as,times%20mentioned%20in%20the%20Quran."
prayer timings perth,https://www.salahtimes.com/australia/perth
prayer timings perth,https://www.uma.org.au/prayertime/
prayer timings perth,https://mosque-finder.com.au/wa/6000/perth/index.html
jummah prayer time stockholm,https://www.islamicfinder.org/world/sweden/2673730/stockholm-prayer-times/
jummah prayer time stockholm,https://masjidbox.com/prayer-times/stockholmsmoske
jummah prayer time stockholm,"https://www.edarabia.com/prayer-times-stockholm/#:~:text=These%20times%20vary%20daily%20and,Prayer%20Time%2007%3A39%20PM."
jummah prayer time stockholm,"https://riwaqalquran.com/blog/how-to-pray-jummah-prayer/#:~:text=Jumuah%20prayer%20is%20offered%20on,same%20time%20as%20Dhuhr%20prayer."
jummah prayer time stockholm,https://app.muslimpro.com/prayer-times/sweden/prayer-times-stockholm/2673730
jummah prayer time stockholm,https://www.edarabia.com/prayer-times-stockholm/
jummah prayer time stockholm,https://timesprayer.com/en/prayer-times-in-stockholm.html
jummah prayer time stockholm,https://www.islamicfinder.org/world/sweden/2700791/kista-prayer-times/
jummah prayer time stockholm,https://hamariweb.com/islam/stockholm_prayer-timing157997.aspx
jummah prayer time stockholm,https://islamuna.com/prayer-time/sweden/stockholm
prayer time antananarivo,https://www.islamicfinder.org/world/madagascar/1070940/antananarivo-prayer-times/
prayer time antananarivo,https://app.muslimpro.com/prayer-times/madagascar/prayer-times-antananarivo/1070940
prayer time antananarivo,https://muslimandquran.com/prayer-times/1070940/antananarivo
prayer time antananarivo,https://www.salahtimes.com/madagascar/antananarivo
prayer time antananarivo,https://athanpro.com/countries/madagascar/antananarivo
prayer time antananarivo,https://timesprayer.org/en-mg/11/antananarivo
prayer time antananarivo,https://prayertimes.date/antananarivo
prayer time antananarivo,https://salattimes.com/antananarivo-madagascar/
prayer time antananarivo,https://hamariweb.com/islam/antananarivo_prayer-timing126509.aspx
prayer time antananarivo,https://www.urdupoint.com/islam/antananarivo-prayer-timings.html
tauranga prayer time,https://www.islamicfinder.org/world/new-zealand/2208032/tauranga-prayer-times/
tauranga prayer time,https://muslimandquran.com/prayer-times/2208032/tauranga
tauranga prayer time,https://fianz.com/prayer-times/
tauranga prayer time,https://app.muslimpro.com/prayer-times/new-zealand/prayer-times-tauranga/2208032
tauranga prayer time,https://athanpro.com/countries/new-zealand/tauranga
tauranga prayer time,https://hamariweb.com/islam/tauranga_prayer-timing136175.aspx
tauranga prayer time,https://www.prayertime.online/new-zealand/tauranga/
tauranga prayer time,https://app.muslimpro.com/prayer-times/new-zealand/waktu-sholat-tauranga/2208032
tauranga prayer time,https://timesprayer.org/en-nz/e8/tauranga
tauranga prayer time,https://www.salahtimes.com/new-zealand/tauranga
perth islamic prayer times,https://www.aljaafaria.com.au/
perth islamic prayer times,https://app.muslimpro.com/prayer-times/australia/waktu-sholat-perth/2063523
perth islamic prayer times,https://www.islamicfinder.org/world/australia/
perth islamic prayer times,https://awqat.com.au/altaqwamasjid/
prayer time in lisbon,"https://www.edarabia.com/prayer-times-portugal/#:~:text=Today's%20Prayer%20Time%20Portugal%20are,Prayer%20Time%2008%3A16%20PM."
prayer time in lisbon,"https://spiritofthecamino.com/muslim-city-lisbon/#:~:text=In%20the%20Middle%20Ages%2C%20Lisbon,and%20overran%20the%20Iberian%20Peninsula."
prayer time in lisbon,https://www.islamicfinder.org/world/portugal/2267057/lisbon-prayer-times/
prayer time in lisbon,https://app.muslimpro.com/prayer-times/portugal/prayer-times-lisbon/2267057
prayer time in lisbon,https://www.edarabia.com/prayer-times-lisbon/
prayer time in lisbon,https://mawaqit.net/en/mesquita-central-de-lisboa-lisboa
prayer time in lisbon,https://aladhan.com/calendar/Lisbon/Portugal
prayer time in lisbon,https://hamariweb.com/islam/lisboa_prayer-timing146350.aspx
prayer time in lisbon,https://www.salahtimes.com/portugal/lisbon
prayer time in lisbon,https://www.islamicfinder.org/world/portugal/2271985/alges-prayer-times/
muslim prayer times perth,"https://islamicrelief.org.au/ramadan-calendar-2025/perth-ramadan-calendar-2025/#:~:text=For%20the%20whole%20month%20of,sexual%20relations%20and%20displeasing%20behaviour."
muslim prayer times perth,https://www.aussiemuslims.net/
islamic finder canberra,https://www.islamicfinder.org/world/australia/2172517/canberra-prayer-times/
islamic finder canberra,https://www.islamicfinder.org/world/australia/40352011/canberra-prayer-times/
islamic finder canberra,https://app.muslimpro.com/prayer-times/australia/prayer-times-canberra/2172517
islamic finder canberra,https://hamariweb.com/islam/canberra_prayer-timing9205.aspx
islamic finder canberra,https://www.dawateislami.net/prayer-times/world/australia/canberra-prayer-times
islamic finder canberra,https://prayertimes.date/canberra
islamic finder canberra,https://muslimandquran.com/prayer-times/2172517/canberra
islamic finder canberra,https://www.islamicfinder.org/world/australia/40343542/australian-capital-territory-prayer-times/
al baseera bristol prayer times,https://albaseera.org/
al baseera bristol prayer times,https://en.masjidway.com/masjid/2992/prayer
al baseera bristol prayer times,https://mawaqit.net/en/m/al-baseera-bristol-centre-bristol
al baseera bristol prayer times,https://admin.mawaqit.net/it/m/al-baseera-bristol-centre-bristol
al baseera bristol prayer times,https://en.masjidway.com/masjid/2992/prayer/062018
al baseera bristol prayer times,https://x.com/al_baseerabris?lang=en
al baseera bristol prayer times,http://www.yourislam.org/table-jamaat-times
al baseera bristol prayer times,https://albaseera.org/prayer-time-masjid/
al baseera bristol prayer times,https://bristolsalah.com/
isha time bristol,"https://www.edarabia.com/prayer-times-united-kingdom/#:~:text=Today's%20Prayer%20Time%20United%20Kingdom,Prayer%20Time%2007%3A26%20PM."
isha time bristol,"https://oneummah.org.uk/news/summer-prayer-timing-maghreb-isha-northern-europe-uk#:~:text=Based%20on%20this%2C%20combining%20Maghrib,clothing%2C%20shoes%2C%20or%20body."
isha time bristol,https://www.islamicfinder.org/world/united-kingdom/2654675/bristol-prayer-times/
isha time bristol,https://app.muslimpro.com/prayer-times/united-kingdom/prayer-times-bristol/2654675
isha time bristol,https://timesprayer.org/en-gb/eng/bristol
isha time bristol,https://shahjalalmosquebristol.co.uk/
isha time bristol,https://timesprayer.com/en/prayer-times-in-bristol.html
fajr prayer time canberra,"https://muslimandquran.com/prayer-times/2158177/melbourne#:~:text=Fajr%3A%2005%3A14%20a.m.,Asr%3A%2004%3A47%20p.m.&text=Isha%3A%2008%3A44%20p.m."
fajr prayer time canberra,https://isact.org.au/daily-prayers/
fajr prayer time canberra,https://www.prayertime.online/australia/canberra/
fajr prayer time canberra,https://www.salahtimes.com/australia/canberra
maghrib prayer time canberra,"https://canberraislamiccentre.org.au/index.php/mosque/#:~:text=Jumma%20Khutbah%20starts%20at%201,after%2020%2D30%20minutes%20normally.&text=The%20Masjid%20Sabah%20Al%20Ahmad,of%20the%20Canberra%20Islamic%20Centre."
maghrib prayer time canberra,http://www.al-haadi.com/PrayerTimetable.aspx
maghrib prayer time canberra,https://canberraislamiccentre.org.au/index.php/mosque/
prayer times bristol uk,https://bmcs.org.uk/prayer-times
prayer times bristol uk,https://www.salahtimes.com/uk/bristol
bristol salah times,https://timesprayer.com/en/list-prayer-in-bristol-2022-3.html
bristol namaz time,https://hamariweb.com/islam/bristol_prayer-timing166047.aspx
bristol namaz time,https://www.islamicfinder.org/world/united-states/5282835/bristol-prayer-times/
namaz timings canberra,https://profile.id.com.au/australia/religion?WebID=250
azan time,"https://www.edarabia.com/prayer-times-kuwait/#:~:text=Today's%20Prayer%20Time%20Kuwait%20are,Prayer%20Time%2006%3A43%20PM."
azan time,https://muslimandquran.com/prayer-times/1185241/dhaka
prayer time in zamboanga city today,https://www.islamicfinder.org/world/philippines/1679432/zamboanga-city-prayer-times/
prayer time in zamboanga city today,https://athanpro.com/countries/philippines/zamboanga-city
prayer time in zamboanga city today,https://www.salahtimes.com/philippines/zamboanga-city
prayer time in zamboanga city today,"https://timesprayer.org/en-ph/09/zamboanga#:~:text=Fajr%20(dawn%20prayer)%3A%204,prayer)%3A%205%3A35%20pm"
prayer time in zamboanga city today,"https://www.edarabia.com/prayer-times-nairobi/#:~:text=Prayer%20Time%20Today%20in%20Nairobi,20th%20of%20Oct%202025)%20are%3A&text=These%20times%20vary%20daily%20and,Prayer%20Time%2007%3A28%20PM."
prayer time in zamboanga city today,"https://www.facebook.com/InsideZamboangaCity/posts/mira-izcs-top-10-barangays-with-the-most-number-of-handsome-beautiful-faces-in-z/809342511215798/#:~:text=in%20the%20city.-,Ayala%20is%20known%20for%20its%20stunning%20residents%2C%20but%20it%20is,barangay%20outside%20the%20downtown%20area."
prayer time in zamboanga city today,https://www.prayertime.online/philippines/zamboanga/
prayer time in zamboanga city today,https://app.muslimpro.com/prayer-times/philippines/prayer-times-zamboanga/1679432
prayer time in zamboanga city today,https://hamariweb.com/islam/zamboanga_prayer-timing138482.aspx
azan singapore,https://www.muis.gov.sg/
azan singapore,"https://www.edarabia.com/prayer-times-singapore/#:~:text=Today's%20Prayer%20Time%20Singapore%20are,Prayer%20Time%2008%3A02%20PM."
azan singapore,"https://www.instagram.com/reel/DHR7dIuhJQb/#:~:text=the%20prayer%20times.-,Today%2C%20the%20azan%20is%20called%20indoors%20in%20mosques%2C%20with%20the,azan%20through%20loudspeakers%20in%20Singapore."
azan singapore,https://www.youtube.com/watch?v=mNfxI-yAEgI
azan singapore,https://www.islamicfinder.org/world/singapore/
azan singapore,https://timesprayer.com/en/prayer-times-in-singapore.html
azan singapore,https://www.edarabia.com/prayer-times-singapore/
azan singapore,https://www.prayertime.online/singapore/singapore/
azan singapore,https://www.islamicfinder.org/world/singapore/1880252/singapore-prayer-times/
fajr time zamboanga city,"https://timesprayer.org/en-ph/09/zamboanga#:~:text=Fajr%20(dawn%20prayer)%3A%204,prayer)%3A%205%3A36%20pm"
fajr time zamboanga city,"https://www.khaleejtimes.com/prayer-time-uae/dubai#:~:text=Fajr5%3A01%20AM,Asr3%3A23%20PM"
prayer time zamboanga city,"https://www.facebook.com/avisozamboanga/posts/-2020-census-religious-affiliations-in-zamboanga-city-according-to-the-philippin/1213343047472212/#:~:text=10%F3%B0%9E%8B%F3%B1%9F%A0-,%F0%9F%93%8A%202020%20Census%3A%20Religious%20Affiliations%20in%20Zamboanga%20City%20%F0%9F%95%8C%E2%9B%AA,3%EF%B8%8F%E2%83%A3%20Alliance%20of%20Bible%20Christian"
azan time addis ababa,https://www.islamicfinder.org/world/ethiopia/344979/addis-ababa-prayer-times/
azan time addis ababa,https://app.muslimpro.com/prayer-times/ethiopia/prayer-times-addis-ababa/344979
azan time addis ababa,"https://www.edarabia.com/prayer-times-addis-ababa/#:~:text=Today's%20Prayer%20Time%20Addis%20Ababa,Prayer%20Time%2007%3A15%20PM."
azan time addis ababa,"https://www.edarabia.com/prayer-times-kuwait/#:~:text=Today's%20Prayer%20Time%20Kuwait%20are,Prayer%20Time%2006%3A44%20PM."
azan time addis ababa,"https://www.iium.edu.my/deed/hadith/bukhari/010_sbt.html#:~:text=%22The%20Prophet%20forbade%20praying%20after,prayer%20till%20the%20sun%20sets.%22"
azan time addis ababa,"https://en.wikipedia.org/wiki/Religion_in_Ethiopia#:~:text=According%20to%20the%20national%20census,2.6%25%20adhered%20to%20traditional%20beliefs."
azan time addis ababa,https://www.edarabia.com/prayer-times-addis-ababa/
azan time addis ababa,https://timesprayer.com/en/prayer-times-in-addis-ababa.html
azan time addis ababa,https://hamariweb.com/islam/addis-ababa_prayer-timing60569.aspx
azan time addis ababa,https://muslimandquran.com/prayer-times/344979/addis-ababa
solat time,"https://shaikhsalehacademy.com/can-you-pray-before-prayer-time/#:~:text=Is%20it%20permissible%20to%20pray%20before%20the%20designated%20prayer%20time%3F&text=It%20is%20not%20permissible%20for,entry%20of%20its%20prescribed%20time."
solat time,"https://www.edarabia.com/prayer-times-kuala-lumpur/#:~:text=Today's%20Prayer%20Time%20Kuala%20Lumpur,Prayer%20Time%2008%3A33%20PM."
solat time,https://duaruqyah.com/prayer/solat-time/countries/bangladesh
azan singapore today,https://www.islamicfinder.org/world/singapore/1880251/singapore-prayer-times/
azan singapore today,https://hamariweb.com/islam/singapore_prayer-timing158814.aspx
azan singapore today,https://app.muslimpro.com/prayer-times/singapore/prayer-times-singapore/1880252
azan singapore today,https://prayertim.es/123184
azan singapore today,https://www.urdupoint.com/islam/singapore-prayer-timings.html
azan maghrib,"https://www.khaleejtimes.com/prayer-time-uae/dubai#:~:text=Dhuhr12%3A08%20PM,Isha7%3A12%20PM"
azan maghrib,"https://www.jibreel.app/islamqa/how-long-after-maghrib-can-pray-isha-hanafi#:~:text=The%20time%20difference%20between%20the,depending%20on%20season%20and%20location."
azan maghrib,"https://timesprayer.org/en-bd/81/dhaka#:~:text=Fajr%2018%C2%B0%2C%20Isha%2018,Latitude%2024.8614622%2C%20Longitude%2067.0099388."
solat time singapore,https://islamuna.com/prayer-time/singapore/singapore
solat time singapore,https://www.islamic-relief.sg/islamic-resources/prayer-timetable/
isha time in kaduna,"https://app.muslimpro.com/prayer-times/nigeria/prayer-times-kaduna/2335727#:~:text=Prayer%20times%20are%20calculated%20based,your%20local%20mosque%20if%20needed."
isha time in kaduna,https://www.islamicfinder.org/world/nigeria/45194257/kaduna-prayer-times/
isha time in kaduna,https://www.prayertime.online/nigeria/kaduna/
isha time in kaduna,https://timesprayer.com/en/prayer-times-in-kaduna.html
isha time in kaduna,https://app.muslimpro.com/prayer-times/nigeria/prayer-times-kaduna/2335727
isha time in kaduna,https://hamariweb.com/islam/kaduna_prayer-timing129700.aspx
isha time in kaduna,https://matwprojectusa.org/namaz-times/isha-time-kaduna
asr time zamboanga city,https://timesprayer.org/en-ph/09/zamboanga
asr azan,"https://www.khaleejtimes.com/prayer-time-uae/dubai#:~:text=Sunrise6%3A15%20AM,Maghrib5%3A52%20PM"
azan timing,"https://www.edarabia.com/prayer-times-bangladesh/#:~:text=Today's%20Prayer%20Time%20Bangladesh%20are,Prayer%20Time%2006%3A48%20PM."
adhan time,"https://www.youtube.com/watch?v=4_LN0hznp-A#:~:text=Adhan%20is%20recited%20in%20a,Allah%22%20%2D%20recited%20TWO%20times."
adhan time,"https://www.edarabia.com/prayer-times-dubai/#:~:text=Today's%20Prayer%20Time%20Dubai%20are,Prayer%20Time%2007%3A19%20PM."
azan time doha,https://www.islamicfinder.org/world/qatar/290030/doha-prayer-times/
azan time doha,https://www.edarabia.com/prayer-times-doha/
azan time doha,https://portal.moi.gov.qa/MoiPortalRestServices/rest/prayertimings/today/en
azan time doha,https://www.qib.com.qa/en/useful-tools/prayer-timings/
azan time doha,https://timesprayer.com/en/prayer-times-in-doha.html
azan time doha,https://prayertimedoha.com/
azan time doha,https://hamariweb.com/islam/doha_prayer-timing147254.aspx
azan time doha,https://www.prayertime.online/qatar/doha/
azan time doha,https://app.muslimpro.com/prayer-times/qatar/prayer-times-doha/290030
azan time doha,https://masjidbox.com/prayer-times/state-grand-mosque-doha-1567667113253
zamboanga city prayer time,https://www.islamicfinder.org/world/philippines/45954039/zamboanga-prayer-times/
zamboanga city prayer time,https://prayertimes.date/zamboanga
zamboanga city prayer time,https://matwproject.org/salah-times/ph/zamboanga-city
dhuhr time zamboanga city,"https://www.khaleejtimes.com/prayer-time-uae/dubai#:~:text=Dhuhr%20salah%20is%20the%20second,and%20is%20offered%20at%20noon."
athan madrid,https://www.islamicfinder.org/world/spain/3117735/madrid-prayer-times/
athan madrid,https://athanpro.com/countries/spain/madrid
athan madrid,https://timesprayer.com/en/prayer-times-in-madrid.html
athan madrid,https://aladhan.com/play/Madrid/Spain
athan madrid,https://app.muslimpro.com/prayer-times/spain/prayer-times-madrid/3117735
athan madrid,https://www.prayertime.online/spain/madrid-2/
athan madrid,https://salattimes.com/madrid-spain/
athan madrid,https://mawaqit.net/en/mezquita-central-de-madrid-madrid-28030-spain
athan madrid,https://www.islamicfinder.org/world/spain/6544490/usera-prayer-times/
athan madrid,https://salatey.com/en/info-15376-4.html
azan asar,https://timesprayer.com/en/prayer-times-cities-bangladesh.html
azan time bahrain,https://www.islamicfinder.org/world/bahrain/
azan time bahrain,https://timesprayer.com/en/prayer-times-cities-bahrain.html
azan time bahrain,https://www.edarabia.com/prayer-times-bahrain/
azan time bahrain,https://www.islamicfinder.org/world/bahrain/290340/manama-prayer-times/
azan time bahrain,https://hamariweb.com/islam/bahrain_prayer-timings21.aspx
azan time bahrain,https://timesprayer.com/en/prayer-times-in-manama.html
azan time bahrain,https://prayertim.es/bh
azan time bahrain,https://app.muslimpro.com/prayer-times/bahrain/prayer-times-manama/290340
azan time bahrain,https://prayertimes.date/bahrain
azan time bahrain,https://www.urdupoint.com/islam/bahrain-prayers-timings.html
azantime,https://www.youtube.com/shorts/ewu6OIQdgfo
azantime,https://duaruqyah.com/prayer/azan-time/countries/bangladesh/dhaka
azantime,https://www.urdupoint.com/islam/dhaka-prayer-timings.html
azantime,https://prayertimes.date/dhaka-bd
maghrib namaz time,"https://www.edarabia.com/prayer-times-dhaka/#:~:text=Today's%20Prayer%20Time%20Dhaka%20are,Prayer%20Time%2006%3A46%20PM."
maghrib namaz time,"https://www.jibreel.app/islamqa/when-does-maghrib-end#:~:text=%E2%80%8DMaghrib%20ends%20when%20the%20red,Isha%20begins%20immediately%20after%20that."
waktu solat alexandria,https://www.islamicfinder.org/world/egypt/361058/alexandria-prayer-times/?language=ms
waktu solat alexandria,https://app.muslimpro.com/ms/prayer-times/united-states/waktu-solat-alexandria/4314550
waktu solat alexandria,https://www.islamicfinder.org/world/egypt/361058/alexandria-alexandria-eg-prayer-times/
waktu solat alexandria,https://app.muslimpro.com/ms/prayer-times/egypt/%D8%A3%D9%88%D9%82%D8%A7%D8%AA-%D8%A7%D9%84%D8%B5%D9%84%D8%A7%D8%A9-alexandria/361058
waktu solat alexandria,https://waktu-solat.org/alexandria-us
waktu solat alexandria,https://prayertimes.date/alexandria
waktu solat alexandria,https://timesprayer.com/en/prayer-times-in-alexandria.html
waktu solat alexandria,https://waktusholat.online/egypt/alexandria-11/
waktu solat alexandria,https://www.salahtimes.com/egypt/alexandria
waktu solat alexandria,https://waktusholat.online/romania/alexandria-6/
when is azan,"https://www.britannica.com/topic/adhan#:~:text=Muhammad%20instituted%20the%20adh%C4%81n%20early,the%20call%20with%20greater%20dignity."
time of azan,"https://prayertimedoha.com/#:~:text=Salah%20time%20doha&text=Fajr%3A%20around%204%3A30%20AM,PM%20to%206%3A00%20PM"
isha namaz time,https://en.wikipedia.org/wiki/Isha_(prayer)#:~:text=Time%20ends%3A%20at%20midnight%2C%20the%20midpoint%20between%20shafak%20and%20dawn.
isha namaz time,https://timesprayer.com/en/prayer-times-in-dhaka-m18j0t1.html
dhuhr time zamboanga city today,https://timesprayer.org/en-ph/09/sangali
dhuhr time zamboanga city today,https://www.islamicfinder.org/world/philippines/3/
adzan qatar,https://timesprayer.com/en/prayer-times-cities-qatar.html
adzan qatar,https://www.islamicfinder.org/world/qatar/
adzan qatar,"https://www.edarabia.com/prayer-times-qatar/#:~:text=Today's%20Prayer%20Time%20Qatar%20are,Prayer%20Time%2006%3A33%20PM."
adzan qatar,"https://en.wikipedia.org/wiki/Adhan#:~:text=The%20adhan%20(%5B%CA%94a%CB%88%C3%B0a%CB%90n%5D%2C,the%20five%20obligatory%20daily%20prayers."
adzan qatar,"https://www.facebook.com/ksaexpatsdotcom/posts/eid-al-adha-prayer-timesriyadh-0518buraidah-0525najran-0542sakaka-0532madinah-05/1133010332197047/#:~:text=5%F3%B0%9E%8B%F3%B1%9F%A0-,Eid%20al%2DAdha%20Prayer%20Times%20Riyadh%3A%2005%3A18%20Buraidah,time%20will%20be%2015%20minutes"
adzan qatar,https://www.timeanddate.com/worldclock/qatar
adzan qatar,https://www.edarabia.com/prayer-times-qatar/
azan time munich,https://www.islamicfinder.org/world/germany/2867714/munich-prayer-times/
azan time munich,https://timesprayer.com/en/prayer-times-in-munich.html
azan time munich,"https://www.edarabia.com/prayer-times-germany/#:~:text=Today's%20Prayer%20Time%20Germany%20are,Prayer%20Time%2007%3A58%20PM."
azan time munich,"https://www.edarabia.com/prayer-times-munich/#:~:text=These%20times%20vary%20daily%20and,Prayer%20Time%2007%3A57%20PM."
azan time munich,"https://www.jibreel.app/islamqa/last-time-to-pray-isha#:~:text=In%20other%20words%2C%20technically%20Isha,until%20the%20moment%20Fajr%20starts."
azan time munich,https://app.muslimpro.com/prayer-times/germany/prayer-times-munich/2867714
azan time munich,https://www.prayertime.online/germany/munich/
azan time munich,https://www.edarabia.com/prayer-times-munich/
azan time munich,https://hamariweb.com/islam/munich_prayer-timing44836.aspx
solat times,"https://en.wikipedia.org/wiki/Salah_times#:~:text=Dhuhr%20(midday),-Main%20article%3A%20Zuhr&text=The%20time%20interval%20for%20offering,prayers%20during%20their%20lunch%20break."
azan magrib,https://www.youtube.com/watch?v=fXQYYLmnKGA
asar azan,https://muslimbangla.com/world/BD/prayer-times-dhaka
azan time in addis ababa,"https://www.edarabia.com/prayer-times-ethiopia/#:~:text=Prayer%20Time%20Today%20in%20Ethiopia,20th%20of%20Oct%202025)%20are%3A&text=These%20times%20vary%20daily%20and,Prayer%20Time%2007%3A14%20PM."
waktu asar singapore,"https://www.islamweb.net/en/fatwa/465880/praying-before-the-actual-start-of-the-time-of-the-prayer#:~:text=%5BQuran%204%3A103%5D.,before%20the%20call%20to%20prayer."
waktu asar singapore,"https://www.roots.gov.sg/Collection-Landing/listing/1070786#:~:text=The%20clocks%20have%20their%20hands,%22isyak%22%20(evening)."
waktu asar singapore,https://isomer-user-content.by.gov.sg/48/fd9dda10-fd78-42bb-8226-a6524f850d7a/Prayer%20Timetable%202025.pdf
prayer time shah alam,https://www.islamicfinder.org/world/malaysia/1732903/shah-alam-prayer-times/
prayer time shah alam,https://app.muslimpro.com/prayer-times/malaysia/waktu-sholat-shah-alam/1732903
prayer time shah alam,https://hamariweb.com/islam/shah-alam_prayer-timing129348.aspx
prayer time shah alam,https://www.islamicfinder.org/world/pakistan/45554992/shah-alam-shah-prayer-times/
prayer time shah alam,https://timesprayer.org/en-my/12/shah-alam
prayer time shah alam,https://islamuna.com/prayer-time/malaysia/shah-alam-tahajjud-ishraq-time
prayer time shah alam,https://www.urdupoint.com/islam/shia/shah-alam-prayer-timings.html
prayer time shah alam,https://timesprayer.com/en/list-prayer-in-shah-alam-2022-3.html
prayer time shah alam,https://www.salahtimes.com/malaysia/shah-alam
prayer time shah alam,https://hamariweb.com/islam/shah-alam_nawafil-prayer-timing129348.aspx
azan time zamboanga city,https://prayertim.es/103529
azan munich,"https://en.wikipedia.org/wiki/Maghrib_(prayer)#:~:text=In%20this%20case%2C%20the%20period,numbers%20of%20units%2C%20called%20rakat."
azan munich,https://aladhan.com/play/Munich/Germany
luha namaz time,https://en.wikipedia.org/wiki/Duha
luha namaz time,"https://www.khaleejtimes.com/prayer-time-uae/dubai#:~:text=Sunrise6%3A14%20AM,Maghrib5%3A54%20PM"
luha namaz time,"https://islamqa.info/en/answers/211883#:~:text=If%20you%20missed%20Fajr%20prayer,time%20or%20made%20up%20later."
luha namaz time,https://salaah-times.com/dhaka-bd/
luha namaz time,https://www.islamicfinder.org/world/burundi/41028098/luha-prayer-times/
luha namaz time,https://islamuna.com/prayer-time/bangladesh/dhaka-tahajjud-ishraq-time
luha namaz time,https://hamariweb.com/islam/dhaka_nawafil-prayer-timing13750.aspx
athan kuwait,https://www.islamicfinder.org/world/kuwait/
athan kuwait,https://athanpro.com/countries/kuwait
athan kuwait,"https://mymasjidal.com/blogs/history/what-is-athan#:~:text=Athan%20is%20the%20Muslim%20call,world%20and%20come%20to%20Allah."
athan kuwait,https://en.wikipedia.org/wiki/Religion_in_Kuwait
athan kuwait,https://timesprayer.com/en/prayer-times-in-kuwait.html
athan kuwait,https://www.edarabia.com/prayer-times-kuwait/
athan kuwait,https://athanpro.com/countries/kuwait/kuwait-city
athan kuwait,https://timesprayer.com/en/prayer-times-cities-kuwait.html
when is adhan,"https://approachguides.com/blog/guide-to-the-islamic-call-to-prayer-adhan/#:~:text=The%20call%20to%20prayer%20explained,heard%20echoing%20throughout%20city%20streets."
when is adhan,"https://www.iium.edu.my/deed/lawbase/risalah_maliki/book09.html#:~:text=%5B%22No%20harm%22%20means%20that,at%20half%20of%20the%20night."
azan time winnipeg,https://www.islamicfinder.org/world/canada/6183235/winnipeg-prayer-times/
azan time winnipeg,https://timesprayer.com/en/prayer-times-in-winnipeg.html
azan time winnipeg,https://www.winnipegmosque.org/prayer-schedules
azan time winnipeg,https://hamariweb.com/islam/winnipeg_prayer-timing23405.aspx
azan time winnipeg,https://www.prayertime.online/canada/winnipeg/
azan time winnipeg,https://www.timeanddate.com/worldclock/canada/manitoba
azan time winnipeg,"https://www.edarabia.com/prayer-times-canada/#:~:text=These%20times%20vary%20daily%20and,Prayer%20Time%2007%3A33%20PM."
azan time winnipeg,https://app.muslimpro.com/prayer-times/canada/prayer-times-winnipeg/6183235
azan,"https://www.rnz.co.nz/news/national/385330/what-is-the-call-to-prayer#:~:text=This%20is%20what%20is%20said,is%20the%20messenger%20of%20God"
azan,"https://www.edarabia.com/prayer-times-kuwait/#:~:text=Today's%20Prayer%20Time%20Kuwait%20are,Prayer%20Time%2006%3A48%20PM."
azan,https://www.alislam.org/book/salat/adhan-or-muslim-call-to-prayer/
azan,https://en.wikipedia.org/wiki/Adhan
azan,https://www.youtube.com/channel/UCP1v0xa_4mq29tU1rS5CyLA
azan,https://www.youtube.com/watch?v=Erl_el31MvI
azan,https://iqranetwork.com/blog/azan-the-beautiful-call-to-prayer-that-brings-muslims-together/
bahrain azan timing,https://app.muslimpro.com/prayer-times/bahrain
bahrain azan timing,https://muslimandquran.com/prayer-times/290340/manama
namaz time trivandrum,https://www.islamicfinder.org/world/india/43570592/trivandrum-prayer-times/
namaz time trivandrum,https://timesprayer.com/en/prayer-times-in-trivandrum.html
namaz time trivandrum,https://quranjanan.com/types-of-prayers-in-islam-full-guide/
namaz time trivandrum,"https://www.edarabia.com/prayer-times-india/#:~:text=Today's%20Prayer%20Time%20India%20are,Prayer%20Time%2007%3A07%20PM."
namaz time trivandrum,https://www.salahtimes.com/india/thiruvananthapuram
namaz time trivandrum,https://www.prayertime.online/india/thiruvananthapuram/
namaz time trivandrum,https://muslimandquran.com/prayer-times/1254163/thiruvananthapuram
namaz time trivandrum,https://app.muslimpro.com/prayer-times/india/prayer-times-thiruvananthapuram/1254163
namaz time trivandrum,https://hamariweb.com/islam/trivandrum_prayer-timing109513.aspx
azan time male,"https://www.edarabia.com/prayer-times-maldives/#:~:text=Today's%20Prayer%20Time%20Maldives%20are,Prayer%20Time%2006%3A57%20PM."
azan time male,https://www.timeanddate.com/worldclock/maldives
azan time male,"https://www.mymasjid.ca/beginners-guide-learn-pray-salah/chapter-5/#:~:text=And%20the%20second%20prayer%20they,00%20%E2%80%93%206%3A00%20PM."
azan time male,https://salattimes.com/male-maldives/
azan time male,https://www.prayertime.online/maldives/male/
azan time male,https://www.islamicfinder.org/world/maldives/
azan time male,https://app.muslimpro.com/prayer-times/maldives/prayer-times-male/1282027
azan time male,https://www.salahtimes.com/maldives/male
azan time male,https://prayertim.es/82836
time solat,https://aladhan.com/calendar/Dhaka/Bangladesh
azan timing bahrain,"https://www.edarabia.com/prayer-times-bahrain/#:~:text=Today's%20Prayer%20Time%20Bahrain%20are,Prayer%20Time%2006%3A39%20PM."
azan timing bahrain,https://www.islamicfinder.org/world/pakistan/45450732/bahrain-prayer-times/
maghrib time kaduna,https://muslimandquran.com/prayer-times/2335727/kaduna
maghrib time kaduna,https://prayertimes.date/kaduna
bahrain azan,https://www.arabicbible.com/for-christians/prayers/1492-prayer-requests-for-bahrain.html
bahrain azan,https://www.islamicfinder.org/world/bahrain/40559056/state-of-bahrain-prayer-times/
azan time in india,"https://www.edarabia.com/prayer-times-kolkata/#:~:text=Today's%20Prayer%20Time%20Kolkata%20are,Prayer%20Time%2006%3A24%20PM."
azan time in india,"https://www.edarabia.com/prayer-times-riyadh/#:~:text=Today's%20Prayer%20Time%20Riyadh%20are,Prayer%20Time%2006%3A56%20PM."
azan time in india,https://www.islamicfinder.org/world/india/
azan time in india,https://timesprayer.com/en/prayer-times-cities-india.html
azan time in india,https://www.edarabia.com/prayer-times-india/
azan time in india,https://www.dawateislami.net/prayer-times/world/india
azan time in india,https://www.islamicfinder.org/world/india/1275004/kolkata-prayer-times/
azan time in india,https://www.salahtimes.com/india/new-delhi
isha azan,"https://www.islamic-relief.org.uk/resources/knowledge-base/five-pillars-of-islam/salah/how-to-pray-tahajjud/#:~:text=What%20is%20Tahajjud%3F,to%20connect%20deeply%20with%20Allah."
athan,https://www.islamicfinder.org/
athan,"https://www.edarabia.com/prayer-times-uae/#:~:text=Today's%20Prayer%20Time%20UAE%20are,Prayer%20Time%2007%3A22%20PM."
athan,"https://mymasjidal.com/blogs/history/what-is-athan#:~:text=Athan%20is%20the%20Muslim%20call,prayer%20is%20about%20to%20begin."
athan,"http://www.inter-islam.org/Miscellaneous/aznmk.htm#:~:text=The%20process%20of%20calling%20Azaan,nine%20and%20a%20half%20hours."
athan,"https://en.wikipedia.org/wiki/Adhan#:~:text=The%20five%20prayer%20times%20are,to%20the%20time%20of%20day."
athan,https://athanpro.com/countries/bangladesh
athan,https://apps.apple.com/us/app/athan-prayer-times-al-quran/id505858403
athan,https://athanpro.com/
athan al maghrib,"https://praytimes.org/docs/calculation#:~:text=A(2).-,Maghrib,of%201%20to%203%20minutes)."
athan al maghrib,"https://www.khaleejtimes.com/prayer-time-uae/dubai#:~:text=Asr3%3A22%20PM,Isha7%3A05%20PM"
athan al maghrib,https://athanpro.com/countries/bangladesh/dhaka
dhuhr azan,https://learn-islam.org/term2-fiqh-class1
dhuhr azan,https://www.youtube.com/watch?v=p3WxiFPLuMs
