surah_id,Name_en,MAIN KEYWORDS,Volume,RELEVANT KEYWORDS,volume
1,Al Fatihah,Surah al-Fatihah,100K – 1M,sirah fatiha,100K – 1M
,,,,soora fathiha,100K – 1M
,,,,soora fatiha,100K – 1M
,,,,soorah fateha,100K – 1M
,,,,soorah fathiha,100K – 1M
,,,,soorah fatiha,100K – 1M
,,,,soorat fatiha,100K – 1M
,,,,soorathul fathiha,100K – 1M
,,,,surah alfateha,100K – 1M
,,,,surah al fatiha in english,10K – 100K
,,,,surah al fatiha in arabic,10K – 100K
,,,,surah fatiha english translation,10K – 100K
,,,,english translation of surah al fatiha,10K – 100K
,,,,meaning of surah fatiha in english,10K – 100K
,,,,surah fatiha transliteration in english,10K – 100K
,,,,surah fatiha in english,10K – 100K
,,,,surah fatiha in arabic,10K – 100K
,,,,translation of surah fatiha,10K – 100K
,,,,surah fatiha ka tarjuma,10K – 100K
,,,,al fatihah arabic,10K – 100K
,,,,english surah fatiha,10K – 100K
,,,,english translation of suratul fatiha,10K – 100K
,,,,fatiha surah arabic,10K – 100K
,,,,fatihah in arabic,10K – 100K
,,,,surah al fatihah,100K – 1M
,,,,surah fatiha,100K – 1M
,,,,surah fatiha translation,10K – 100K
,,,,fatiha surah translation,10K – 100K
2,Al Baqarah,surah al baqarah,1M – 10M,albaqara,1M – 10M
,,,,sura al baqara,1M – 10M
,,,,surah al baq,1M – 10M
,,,,surat ul bakra,1M – 10M
,,,,al qur an surat albaqarah,100K – 1M
,,,,baqra sura,100K – 1M
,,,,surat al baq,100K – 1M
,,,,surah al baqarah in english,100K – 1M
,,,,al bakra,1M – 10M
,,,,al bakrah,1M – 10M
,,,,al baqra,1M – 10M
,,,,al baqrah,1M – 10M
,,,,surah al baqarah full,10K – 100K
,,,,complete surah baqarah,10K – 100K
,,,,surah al baqarah complete,10K – 100K
,,,,last 2 ayat of surah baqarah,100K – 1M
,,,,last 2 verses of surah baqarah,100K – 1M
,,,,last two ayat of surah baqarah,100K – 1M
,,,,surah baqarah read online,1K – 10K
,,,,Surah Baqarah in Arabic,1K – 10K
,,,,surah al baqarah in english,10K – 100K
,,,,translation of surah baqarah,10K – 100K
,,,,english translation of surah al baqarah,1K – 10K
,,,,meaning of surah baqarah,10K – 100K
,,,,surah baqarah with urdu translation,10K – 100K
,,,,surah baqarah full translation in urdu,10K – 100K
,,,,surah al baqarah with urdu translation,10K – 100K
,,,,al baqarah english,10K – 100K
,,,,al baqarah surah in english,10K – 100K
,,,,al baqarah urdu translation,10K – 100K
,,,,sura al bakara in english,10K – 100K
,,,,sura bakara bangla translation,10K – 100K
,,,,surah al baqarah bangla translation,10K – 100K
,,,,surah baqarah in english,10K – 100K
,,,,surat bakra tarjuma,10K – 100K
,,,,surat bakra urdu tarjuma,10K – 100K
,,,,translation of surah baqarah in urdu,10K – 100K
,,,,surah baqarah,1M – 10M
,,,,surah sl baqarah,1M – 10M
,,,,al baqarah last 2 ayat,100K – 1M
,,,,baqarah surah,100K – 1M
,,,,last 2 ayat of surah al baqarah,100K – 1M
,,,,last 2 ayat surah al baqarah,100K – 1M
,,,,last ayat of surah al baqarah,100K – 1M
,,,,last ayat of surah baqarah,100K – 1M
,,,,last ayat surah baqarah,100K – 1M
,,,,sura al bakara last 2 ayat,100K – 1M
,,,,surah al baqarah last ayat,100K – 1M
,,,,surah al baqarah last two ayat,100K – 1M
,,,,surah al imran with urdu translation,1K – 10K
3,Al Imran,Surah Al-Imran,100K – 1M,soorathul al imran,100K – 1M
,,,,soorathul imran,100K – 1M
,,,,sorah al imran,100K – 1M
,,,,sorat al imran,100K – 1M
,,,,sura aale imran,100K – 1M
,,,,sura al e imran,100K – 1M
,,,,sura al imran,100K – 1M
,,,,sura ala imran,100K – 1M
,,,,sura alimran,100K – 1M
,,,,sura e al imran,100K – 1M
,,,,surah aal e imran,100K – 1M
,,,,surah aal imran,100K – 1M
,,,,surah aale imran,100K – 1M
,,,,surah al ali imran,100K – 1M
,,,,surah al e imran,100K – 1M
,,,,surah al imra,100K – 1M
,,,,surah ala imran,100K – 1M
,,,,surah ale imran,100K – 1M
,,,,surah al imran translation,1K – 10K
,,,,surah al imran english translation,1K – 10K
,,,,surah al imran with translation,1K – 10K
,,,,surah al imran transliteration,1K – 10K
,,,,surah imran transliteration,1K – 10K
,,,,surah al imran with urdu translation,1K – 10K
,,,,surah imran urdu translation,1K – 10K
,,,,urdu translation of surah al imran,1K – 10K
,,,,al imran english translation,1K – 10K
,,,,al imran translation,1K – 10K
,,,,al imran urdu translation,1K – 10K
,,,,surah al e imran with urdu translation,1K – 10K
,,,,surah al imran bangla translation,1K – 10K
,,,,surah al imran full with urdu translation,1K – 10K
,,,,surah al imran in english,1K – 10K
,,,,surah al imran in english translation,1K – 10K
,,,,surah al imran translation in english,1K – 10K
,,,,surah alimran,100K – 1M
,,,,surat ali imran,10K – 100K
,,,,al imran 159,10K – 100K
,,,,surah al imran last 10 ayat,10K – 100K
,,,,al imran 103,1K – 10K
,,,,al imran 110,1K – 10K
,,,,al imran 144,1K – 10K
4,An Nisa,surah an nisa,100K – 1M,soorah nisa,100K – 1M
,,,,sorah nisa,100K – 1M
,,,,sort nisa,100K – 1M
,,,,sura al nisa,100K – 1M
,,,,sura an nisa,100K – 1M
,,,,sura nisa,100K – 1M
,,,,sura nisaa,100K – 1M
,,,,sura nisah,100K – 1M
,,,,surah al nisa,100K – 1M
,,,,surah nisa,100K – 1M
,,,,surah nisah,100K – 1M
,,,,surat al nisa,100K – 1M
,,,,surat an nisa,100K – 1M
,,,,surat nisa,100K – 1M
,,,,surat nisaa,100K – 1M
,,,,surath nisah,100K – 1M
,,,,surathul nisa,100K – 1M
,,,,suratu nisa,100K – 1M
,,,,surah nisa urdu translation,10K – 100K
,,,,surah nisa full with urdu translation,10K – 100K
,,,,urdu translation of surah nisa,10K – 100K
,,,,surah nisa english translation,1K – 10K
,,,,surah al nisa english translation,1K – 10K
,,,,surah al nisa with english translation,1K – 10K
,,,,surah an nisa english translation,1K – 10K
,,,,translation of surah nisa in english,1K – 10K
,,,,surah an nisa transliteration,1K – 10K
,,,,surah al nisa translation in urdu,10K – 100K
,,,,surah nisa in urdu translation,10K – 100K
,,,,surah nisa translation urdu,10K – 100K
,,,,surah nisa urdu tarjuma,10K – 100K
,,,,surah nisa with translation in urdu,10K – 100K
,,,,surah nisa with urdu translation full,10K – 100K
,,,,surat an nisa ayat 59,10K – 100K
5,Al Ma'idah,surah maidah,10K – 100K,sura al maida,10K – 100K
,,,,sura almaida,10K – 100K
,,,,sura maidah,10K – 100K
,,,,surah al maida,10K – 100K
,,,,surah al maida ayat 48,10K – 100K
,,,,surah al maidah,10K – 100K
,,,,surah almaida,10K – 100K
,,,,surah maida,10K – 100K
,,,,surat al maida,10K – 100K
,,,,surat al maidah,10K – 100K
,,,,surat almaidah,10K – 100K
,,,,suratul maidah,10K – 100K
,,,,sure al maida,10K – 100K
,,,,surat al maida ayat 48,10K – 100K
,,,,surat al maida ayat 3,10K – 100K
,,,,surah al maidah translation in urdu,1K – 10K
,,,,surah maidah with urdu translation,1K – 10K
,,,,surah maidah urdu translation,1K – 10K
,,,,surah maidah ayat 114,1K – 10K
,,,,surah maidah ayat 55,1K – 10K
,,,,surah al maidah urdu translation,1K – 10K
,,,,surah maidah translation in urdu,1K – 10K
,,,,surah maidah,10K – 100K
,,,,surah al ma idah,10K – 100K
,,,,surah al maidah ayat 114,1K – 10K
,,,,surah maidah 114,1K – 10K
,,,,surat al maida ayat 114,1K – 10K
6,Al An'am,Surah Al-An'am,100K – 1M,surat alanam,100K – 1M
,,,,surah al anam,100K – 1M
,,,,surah anam,10K – 100K
,,,,an am surah,100K – 1M
,,,,surah al an am,100K – 1M
,,,,surat al an am,100K – 1M
,,,,al anam,100K – 1M
,,,,surah al an aam,100K – 1M
,,,,surah an aam,100K – 1M
,,,,surah anaam,10K – 100K
,,,,surat al anaam,100K – 1M
,,,,surah anam urdu translation,1K – 10K
,,,,surah al an am with urdu translation,1K – 10K
,,,,surah anam with urdu translation,1K – 10K
,,,,surah al an am urdu translation,1K – 10K
,,,,surah al anam with urdu translation,1K – 10K
,,,,surah al an am ayat 1 3,1K – 10K
,,,,surah al an am ayat 162 163,1K – 10K
,,,,surah an am ayat 45,1K – 10K
7,Al A'raf,Surah Al-A'raf ,100K – 1M,al araf surah,100K – 1M
,,,,al araf,100K – 1M
,,,,araf surah,100K – 1M
,,,,sura aaraf,10K – 100K
,,,,sura al araf,100K – 1M
,,,,sura araf,10K – 100K
,,,,surah a araf,100K – 1M
,,,,surah aaraf,10K – 100K
,,,,surah al araf,100K – 1M
,,,,surah alaraf,100K – 1M
,,,,surah araf,10K – 100K
,,,,suratul aaraf,100K – 1M
,,,,surah al araf urdu translation,1K – 10K
,,,,surah araf translation in urdu,1K – 10K
,,,,surah araf urdu translation,1K – 10K
,,,,surah al araf with urdu translation,1K – 10K
,,,,al araf,100K – 1M
,,,,surah al a raf,100K – 1M
,,,,surah a raf,10K – 100K
,,,,surah al a raf ayat 23,1K – 10K
,,,,surah al araf 117 122,1K – 10K
,,,,surah al araf urdu translation,1K – 10K
,,,,surah araf ayat 10,1K – 10K
,,,,surah araf ayat 54,1K – 10K
,,,,surah araf with urdu translation,1K – 10K
8,Al Anfal,Surah Al Anfal,10K – 100K,anfal surah,10K – 100K
,,,,surah an anfal,10K – 100K
,,,,surat anfal,10K – 100K
,,,,al anfal surah,10K – 100K
,,,,surat anfal,10K – 100K
,,,,surah 8,1K – 10K
,,,,surah anfal with urdu translation,1K – 10K
,,,,surah al anfal with urdu translation,1K – 10K
,,,,surah anfal ayat 62,1K – 10K
,,,,surah anfal ayat 63,1K – 10K
,,,,surah anfal urdu translation,1K – 10K
,,,,surah anfal with urdu translation,1K – 10K
,,,,surah al anfal with urdu translation,1K – 10K
,,,,al anfal surah,10K – 100K
,,,,anfal surah,10K – 100K
,,,,surah an anfal,10K – 100K
,,,,surah anfal ayat 62,1K – 10K
,,,,surah anfal ayat 63,1K – 10K
9,At Tawbah,surah tawbah,10K – 100K,at tawbah,100K – 1M
,,,,sura al tawba,100K – 1M
,,,,sura tawba,10K – 100K
,,,,surah tawba,100K – 1M
,,,,surat at tawbah,100K – 1M
,,,,sorat tawba,10K – 100K
,,,,sura tawbah,10K – 100K
,,,,surah al taubat,100K – 1M
,,,,surah at tauba,100K – 1M
,,,,surah at taubah,100K – 1M
,,,,surat at taubah,100K – 1M
,,,,surat at taubat,100K – 1M
,,,,surat attaubah,100K – 1M
,,,,suruh al taubah,100K – 1M
,,,,sorah tobah,10K – 100K
,,,,surah toba,10K – 100K
,,,,surah tobah,10K – 100K
,,,,sureh tobah,10K – 100K
,,,,surah taubah with urdu translation,10K – 100K
,,,,surah tauba last 2 ayat,10K – 100K
,,,,last ayat of surah taubah,1K – 10K
,,,,surah taubah transliteration,1K – 10K
,,,,surah al taubah with urdu translation,1K – 10K
,,,,surah taubah translation,1K – 10K
,,,,surah al taubah translation,1K – 10K
,,,,surah taubah with urdu translation,10K – 100K
,,,,surah taubah transliteration,1K – 10K
,,,,surah tauba last 2 ayat,10K – 100K
,,,,last ayat of surah taubah,1K – 10K
,,,,surah tauba last ayat,1K – 10K
,,,,surah tauba translation,1K – 10K
,,,,surah taubah meaning,1K – 10K
,,,,surah taubah pdf,1K – 10K
10,Yunus,surah yunus,10K – 100K,soorathul yunus,10K – 100K
,,,,sura e yunus,10K – 100K
,,,,sura yunus,10K – 100K
,,,,surah al yunus,10K – 100K
,,,,surah e yunus,10K – 100K
,,,,surat yunus,10K – 100K
,,,,surathul yunus,10K – 100K
,,,,suratu yunus,10K – 100K
,,,,suratul yunus,10K – 100K
,,,,sure yunus,10K – 100K
,,,,sureh yunus,10K – 100K
,,,,surh yunus,10K – 100K
,,,,suruh yunus,10K – 100K
,,,,yunus surah,10K – 100K
,,,,surah yunus ayat 81,10K – 100K
,,,,surah yunus with urdu translation,1K – 10K
,,,,surah yunus urdu translation,1K – 10K
,,,,quran surah yunus,1K – 10K
,,,,surah yunus 81 82,1K – 10K
,,,,surah yunus ayat 10,1K – 10K
,,,,surah yunus ayat 12,1K – 10K
,,,,surah yunus ayat 57,1K – 10K
,,,,surah yunus full,1K – 10K
,,,,surah yunus with urdu translation,1K – 10K
,,,,surah yunus urdu translation,1K – 10K
,,,,surah al yunus,10K – 100K
,,,,surah yunus ayat 81,10K – 100K
,,,,quran surah yunus,1K – 10K
,,,,surah yunus 81 82,1K – 10K
,,,,surah yunus ayat 10,1K – 10K
,,,,surah yunus ayat 12,1K – 10K
,,,,surah yunus ayat 57,1K – 10K
,,,,surah yunus ayat 85 86,1K – 10K
,,,,surah yunus ayat 9,1K – 10K
11,Hud,surah hud,10K – 100K,sura hud,10K – 100K
,,,,surah al hud,10K – 100K
,,,,surat hud,10K – 100K
,,,,surath hud,10K – 100K
,,,,surathul hud,10K – 100K
,,,,suratu hud,10K – 100K
,,,,suratul hud,10K – 100K
,,,,suruh hud,10K – 100K
,,,,surah hood,10K – 100K
,,,,surah hood with urdu translation,1K – 10K
,,,,surah hud urdu translation,1K – 10K
,,,,surah hud ayat 41,1K – 10K
,,,,surah hud mishary rashid alafasy,1K – 10K
,,,,surah hood with urdu translation,1K – 10K
,,,,surah hud urdu translation,1K – 10K
,,,,surah al hud,10K – 100K
,,,,surah hud ayat 44,1K – 10K
12,Yusuf,Surah Yusuf,100K – 1M,durah yusuf,100K – 1M
,,,,sura al yusuf,100K – 1M
,,,,sura e yusuf,100K – 1M
,,,,sura yusuf,100K – 1M
,,,,surate yusuf,100K – 1M
,,,,surath yusuf,100K – 1M
,,,,surathul yusuf,100K – 1M
,,,,surati yusuf,100K – 1M
,,,,suratu yusuf,100K – 1M
,,,,suratul yusuf,100K – 1M
,,,,sure yusuf,100K – 1M
,,,,sureh yusuf,100K – 1M
,,,,suret yusuf,100K – 1M
,,,,surh yusuf,100K – 1M
,,,,surha yusuf,100K – 1M
,,,,surhe yusuf,100K – 1M
,,,,suroh yusuf,100K – 1M
,,,,surqh yusuf,100K – 1M
,,,,surah yusuf with urdu translation full,10K – 100K
,,,,surah yusuf with urdu translation,1K – 10K
,,,,english translation of surah yusuf,1K – 10K
,,,,surah al yusuf translation,1K – 10K
,,,,surah e yusuf urdu translation,1K – 10K
,,,,surah yusuf bangla translation,1K – 10K
,,,,surah yusuf english translation,1K – 10K
,,,,surah yusuf in urdu translation,1K – 10K
,,,,surah yusuf ka tarjuma,1K – 10K
,,,,surah yusuf translation,1K – 10K
,,,,surah al yusuf,100K – 1M
,,,,surah surah yusuf,100K – 1M
,,,,surah yusuf ayat 4,10K – 100K
,,,,surah maryam dan yusuf,1K – 10K
,,,,surah yusuf ayat 11,1K – 10K
,,,,surah yusuf ayat 23,1K – 10K
13,Ar Rad,Surah Ar-Ra'd,10K – 100K,surah ar ra d,10K – 100K
,,,,surah ar rad,10K – 100K
,,,,surat ar rad,10K – 100K
,,,,surah arradu,10K – 100K
,,,,surah ar rad,10K – 100K
,,,,surah ar ra d ayat 28,1K – 10K
,,,,surah ar ra d untuk orang sakit,1K – 10K
14,Ibrahim,surah ibrahim,10K – 100K,soorathul ibrahim,10K – 100K
,,,,sorah ibrahim,10K – 100K
,,,,sorat ibrahim,10K – 100K
,,,,sura ibrahim,10K – 100K
,,,,surah al ibrahim,10K – 100K
,,,,surah e ibrahim,10K – 100K
,,,,surat ibrahim,10K – 100K
,,,,surate ibrahim,10K – 100K
,,,,surathul ibrahim,10K – 100K
,,,,suratu ibrahim,10K – 100K
,,,,suratul ibrahim,10K – 100K
,,,,sure ibrahim,10K – 100K
,,,,sureh ibrahim,10K – 100K
,,,,suret ibrahim,10K – 100K
,,,,surh ibrahim,10K – 100K
,,,,surah ibrahim urdu translation,1K – 10K
,,,,surah e ibrahim,10K – 100K
,,,,surah ibrahim ayat 40,1K – 10K
,,,,surah ibrahim ayat 40 41,1K – 10K
,,,,surah ibrahim ayat 41,1K – 10K
,,,,surah ibrahim ayat 42,1K – 10K
,,,,surah ibrahim ayat 7,1K – 10K
,,,,surah ibrahim ayat 9,1K – 10K
15,Al Hijr,Surah Al-Hijr,10K – 100K,sura hijr,10K – 100K
,,,,surah hijr,10K – 100K
,,,,surat al hijr,10K – 100K
,,,,surat alhijr,10K – 100K
,,,,suratul hijr,10K – 100K
,,,,surah hajar,10K – 100K
16,An Nahl,surah an nahl,10K – 100K,sura an nahl,10K – 100K
,,,,surah an nahl,10K – 100K
,,,,surah nahl,10K – 100K
,,,,surat an nahl 125,10K – 100K
,,,,surat annahl,10K – 100K
,,,,sura nahal,10K – 100K
,,,,surah al nahl urdu translation,1K – 10K
,,,,surah al nahl with urdu translation,1K – 10K
,,,,surah nahl translation in urdu,1K – 10K
,,,,surah nahl,10K – 100K
,,,,surat an nahl 125,10K – 100K
,,,,surat annahl,10K – 100K
,,,,surat an nahl 78,1K – 10K
,,,,surat nahl,1K – 10K
17,Al Isra,Surah Al-Isra,100K – 1M,isra surah,100K – 1M
,,,,sura al isra,100K – 1M
,,,,surah al isra,100K – 1M
,,,,surah al israa,100K – 1M
,,,,surat al isra,100K – 1M
,,,,surat al israa,100K – 1M
,,,,surat alisra,100K – 1M
,,,,suratul al isra,100K – 1M
,,,,suratul isra,100K – 1M
,,,,suratul israa,100K – 1M
,,,,suruh al isra,100K – 1M
,,,,surah isra,10K – 100K
,,,,surah al isra urdu translation,1K – 10K
,,,,surah al isra with urdu translation,1K – 10K
,,,,surah isra translation in urdu,1K – 10K
,,,,surah isra with urdu translation,1K – 10K
,,,,surah al isyraq,100K – 1M
,,,,surah isra,10K – 100K
,,,,surah bani israil,10K – 100K
,,,,surah isra ayat 80,1K – 10K
18,Al Kahf,surah kahf,1M – 10M,surah al kahf,100K – 1M
,,,,suret kahf,1M – 10M
,,,,surat al kahf surah,1M – 10M
,,,,surah surah kahf,1M – 10M
,,,,surah kahf surah,1M – 10M
,,,,suarah kahf,1M – 10M
,,,,kahf,100K – 1M
,,,,surah al kahf,100K – 1M
,,,,al kahf,100K – 1M
,,,,alkahf,100K – 1M
,,,,surat alkahf,100K – 1M
,,,,aurah al kahfi,100K – 1M
,,,,surahalkahf,100K – 1M
,,,,surah kahf with urdu translation,10K – 100K
,,,,surah kahf full,10K – 100K
,,,,surah al kahf in english,10K – 100K
,,,,surah kahf in english,10K – 100K
,,,,surah al kahf full,10K – 100K
,,,,surah kahf with urdu translation,10K – 100K
,,,,surah al kahf in english,10K – 100K
,,,,surah kahf english translation,10K – 100K
,,,,surah al kahf with urdu translation,10K – 100K
,,,,al kahf english,10K – 100K
,,,,al kahf english translation,10K – 100K
,,,,al kahf surah in english,10K – 100K
,,,,al kahf urdu translation,10K – 100K
,,,,kahf in english,10K – 100K
,,,,kahf surah in english,10K – 100K
,,,,surah al kahf bangla,10K – 100K
,,,,surah al kahf bangla translation,10K – 100K
,,,,syrah al kahfi,100K – 1M
,,,,al kahf transliteration,10K – 100K
,,,,al kahfi 101 110,10K – 100K
,,,,first 10 ayat of surah kahf,10K – 100K
19,Maryam,surah maryam,1M – 10M,mariam surah,1M – 10M
,,,,mariyam surah,1M – 10M
,,,,maryam sura,1M – 10M
,,,,maryam surah,1M – 10M
,,,,soorathul mariyam,1M – 10M
,,,,sorah e maryam,1M – 10M
,,,,sorah maryam,1M – 10M
,,,,sorat mariyam,1M – 10M
,,,,sorat maryam,1M – 10M
,,,,soray maryam,1M – 10M
,,,,sourah maryam,1M – 10M
,,,,suarh maryam,1M – 10M
,,,,sueah maryam,1M – 10M
,,,,surah al mariam,1M – 10M
,,,,surah al maryam,1M – 10M
,,,,surah e maryam,1M – 10M
,,,,surah mariam,1M – 10M
,,,,surah maryam,1M – 10M
,,,,surah maryam with urdu translation,10K – 100K
,,,,surah al maryam with urdu translation,10K – 100K
,,,,surah e maryam urdu translation,10K – 100K
,,,,surah maryam tarjuma in urdu,10K – 100K
,,,,surah maryam translation,1K – 10K
,,,,surah maryam english translation,1K – 10K
,,,,surah al maryam in english,1K – 10K
,,,,surah e maryam in english,1K – 10K
,,,,surah maryam ka tarjuma,1K – 10K
,,,,suratul maryam transliteration,1K – 10K
,,,,surah al maryam,1M – 10M
,,,,surah al maryam full,10K – 100K
,,,,surah maryam in english,1K – 10K
,,,,al quran surat maryam,1K – 10K
,,,,latin surat maryam,1K – 10K
,,,,meaning of surah maryam,1K – 10K
20,Taha,surah taha,100K – 1M,soorah taha,100K – 1M
,,,,soorathul taha,100K – 1M
,,,,sorah taha,100K – 1M
,,,,suarh taha,100K – 1M
,,,,surah al taha,100K – 1M
,,,,surah at taha,100K – 1M
,,,,surah taha,100K – 1M
,,,,surah tahaa,100K – 1M
,,,,surah tahah,100K – 1M
,,,,surat at taha,100K – 1M
,,,,suratu taha,100K – 1M
,,,,suratul taha,100K – 1M
,,,,sure taha,100K – 1M
,,,,sureh taha,100K – 1M
,,,,suret taha,100K – 1M
,,,,surha taha,100K – 1M
,,,,sursh taha,100K – 1M
,,,,surah taha with urdu translation,1K – 10K
,,,,ayat 39 surah taha,1K – 10K
,,,,ayat taha 1 5,1K – 10K
,,,,surah ta ha ayat 55,1K – 10K
,,,,surah taha 1 5,1K – 10K
,,,,surah taha ayat 36,1K – 10K
,,,,surah taha english,1K – 10K
,,,,surah taha tafseer,1K – 10K
,,,,tafseer surah taha,1K – 10K
,,,,tafsir surah taha,1K – 10K
21,Al Anbiya,surah al anbiya,100K – 1M,anbiya surah,100K – 1M
,,,,surah anbiya,100K – 1M
,,,,surat al anbiya,100K – 1M
,,,,surat alanbiya,100K – 1M
,,,,sura anbia,10K – 100K
,,,,surah al anbia,10K – 100K
,,,,surah anbia,10K – 100K
,,,,surah al anbiya urdu translation,1K – 10K
,,,,surah anbiya urdu translation,1K – 10K
,,,,anbiya surah,10K – 100K
,,,,surah an biya,10K – 100K
,,,,surah anbiya,10K – 100K
,,,,surah anbiya 83,1K – 10K
22,Al Hajj,surah al hajj,10K – 100K,al hajj,10K – 100K
,,,,al hajj surah,10K – 100K
,,,,hajj surah,10K – 100K
,,,,sura al hajj,10K – 100K
,,,,sura hajj,10K – 100K
,,,,surah hajj,10K – 100K
,,,,surat al hajj,10K – 100K
,,,,suratul hajj,10K – 100K
,,,,sureh hajj,10K – 100K
,,,,sura haj,10K – 100K
,,,,surah alhaj,10K – 100K
,,,,surah haj,10K – 100K
,,,,surat al haj,10K – 100K
,,,,surah hajj urdu translation,1K – 10K
,,,,surah al hajj ayat 11,1K – 10K
,,,,surat al hajj ayat 7,1K – 10K
23,Al Mu'minun,Surah Al-Muminun,100K – 1M,surah muminun,100K – 1M
,,,,suratul muminun,100K – 1M
,,,,surah al muminoon,10K – 100K
,,,,surah al muminoon last 4 ayat,10K – 100K
,,,,surah muminoon,10K – 100K
,,,,surah muminoon last 4 ayat,10K – 100K
,,,,surah al mu minun,100K – 1M
,,,,surah mu minun,100K – 1M
,,,,surat al mu minun,100K – 1M
,,,,surah al muminoon urdu translation,1K – 10K
,,,,surah al muminoon with urdu translation,1K – 10K
,,,,surah muminoon urdu translation,1K – 10K
,,,,surah muminoon with urdu translation,1K – 10K
,,,,surah al mikminun,100K – 1M
,,,,surah al muminoon,100K – 1M
,,,,surah al mu minun 1 11,1K – 10K
24,An Nur,surah an nur,10K – 100K,sura al nur,10K – 100K
,,,,sura nur,10K – 100K
,,,,surah al nur,10K – 100K
,,,,surah alnur,10K – 100K
,,,,surah an nur ayat 26,10K – 100K
,,,,surah anur,10K – 100K
,,,,surah nur,10K – 100K
,,,,surah nur ayat 26,10K – 100K
,,,,surat al nur,10K – 100K
,,,,surat an nur,10K – 100K
,,,,surat annur,10K – 100K
,,,,suratul an nur,10K – 100K
,,,,sure al nur,10K – 100K
,,,,sureh nur,10K – 100K
,,,,surah nur urdu translation,1K – 10K
,,,,ayat 35 surah an nur,1K – 10K
,,,,surah al nur ayat 35,1K – 10K
,,,,surah an nur ayat 26,1K – 10K
,,,,surah an nur ayat 30,1K – 10K
,,,,surah an nur ayat 31,1K – 10K
,,,,surah an nur ayat 35,1K – 10K
,,,,surah noor ayat 35,1K – 10K
,,,,surah nur ayat 26,1K – 10K
,,,,surah nur ayat 35,1K – 10K
25,Al Furqan,Surah Al-Furqan,10K – 100K,al furqan surah,10K – 100K
,,,,furkan,100K – 1M
,,,,sura al furkan,10K – 100K
,,,,sura al furqan,10K – 100K
,,,,sura furqaan,10K – 100K
,,,,sura furqan,10K – 100K
,,,,surah al furqan 74,10K – 100K
,,,,surah alfurqan,10K – 100K
,,,,surah furkan,10K – 100K
,,,,surah furqan,10K – 100K
,,,,surah furqan ayat 74,10K – 100K
,,,,surat al furqan,10K – 100K
,,,,surat alfurqan,10K – 100K
,,,,surat furkan,10K – 100K
,,,,surat furqan,10K – 100K
,,,,surah al furqan urdu translation,1K – 10K
,,,,surah al furqan with urdu translation,1K – 10K
,,,,translation of surah furqan,1K – 10K
,,,,surah al furqan 74,10K – 100K
,,,,surah furqan ayat 74,10K – 100K
,,,,surah furqan ayat 23,1K – 10K
,,,,surah furqan ayat 54,1K – 10K
,,,,surah furqan last ayat,1K – 10K
,,,,surah furqan translation,1K – 10K
,,,,surah furqan transliteration,1K – 10K
,,,,surat furqan,1K – 10K
26,Ash Shu'ara,surah ash shu ara,1K – 10K,ash shu ara,1K – 10K
,,,,ash shuara,1K – 10K
,,,,surah shu ara,1K – 10K
27,An Naml,Surah An-Naml ,10K – 100K,naml surah,10K – 100K
,,,,sura an naml,10K – 100K
,,,,sura naml,10K – 100K
,,,,surah al naml,10K – 100K
,,,,surah anaml,10K – 100K
,,,,surah annaml,10K – 100K
,,,,surah annamlu,10K – 100K
,,,,surah naml,10K – 100K
,,,,surah namli,10K – 100K
,,,,surat an naml,10K – 100K
,,,,surah al naml with urdu translation,1K – 10K
,,,,surah naml translation in urdu,1K – 10K
,,,,surah naml urdu translation,1K – 10K
,,,,surah naml with urdu translation,1K – 10K
,,,,al naml,10K – 100K
,,,,surah al naml,10K – 100K
,,,,surah an naml,10K – 100K
,,,,surah annamlu,10K – 100K
,,,,surah naml,10K – 100K
,,,,surah naml ayat 62,1K – 10K
,,,,surat al naml,1K – 10K
28,Al Qasas,Surah Al-Qasas,10K – 100K,sura qasas,10K – 100K
,,,,surah al qasa,10K – 100K
,,,,surah al qasas,10K – 100K
,,,,surah qasa,10K – 100K
,,,,surah qasas,10K – 100K
,,,,suratul qasas,10K – 100K
,,,,sura al kasas,10K – 100K
,,,,sura kasas,10K – 100K
,,,,surah al kasas,10K – 100K
,,,,surah kasas,10K – 100K
,,,,sureh kasas,10K – 100K
,,,,surah al khasas,10K – 100K
,,,,surah khasas,10K – 100K
,,,,surah al qasas urdu translation,1K – 10K
,,,,surah al qasas with urdu translation,1K – 10K
,,,,surah qasas urdu translation,1K – 10K
,,,,surah qasas with urdu translation,1K – 10K
,,,,surah alqasas,10K – 100K
,,,,surat al qasas,10K – 100K
29,Al Ankabut,surah al ankabut,10K – 100K,sura al ankabut,10K – 100K
,,,,sura ankabot,10K – 100K
,,,,sura ankabut,10K – 100K
,,,,surah al ankaboot,10K – 100K
,,,,surah ankaboot,10K – 100K
,,,,surah ankabut,10K – 100K
,,,,surah alankabut,10K – 100K
,,,,surah al ankabut with urdu translation,1K – 10K
,,,,surah ankabut urdu translation,1K – 10K
,,,,al ankabut,10K – 100K
,,,,surah alankabut,10K – 100K
,,,,surah ankabut,10K – 100K
,,,,ankabut surah,1K – 10K
30,Ar Rum,Surah Ar-Rum,10K – 100K,surah rum,10K – 100K
,,,,surat al rum,10K – 100K
,,,,ar room surah,10K – 100K
,,,,surah al room,10K – 100K
,,,,surah ar room,10K – 100K
,,,,surah ruum,10K – 100K
,,,,surah ar rum,10K – 100K
,,,,surat ar rum,1K – 10K
,,,,surat ar rum 21,1K – 10K
31,Luqman,surah luqman,100K – 1M,luqman surah,100K – 1M
,,,,luqman surat,100K – 1M
,,,,quran luqman,100K – 1M
,,,,sura luqman,100K – 1M
,,,,surah al luqman,100K – 1M
,,,,surah e luqman,100K – 1M
,,,,surat luqman,100K – 1M
,,,,surate luqman,100K – 1M
,,,,suratul luqman,100K – 1M
,,,,sure luqman,100K – 1M
,,,,suratul lukman,100K – 1M
,,,,surah luqman urdu translation,1K – 10K
,,,,surat luqman,100K – 1M
,,,,quran luqman,100K – 1M
,,,,surah lokman,100K – 1M
,,,,surah luqman translation in urdu,1K – 10K
32,As Sajda,Surah As-Sajdah,100K – 1M,al sajda,100K – 1M
,,,,al sajdah,100K – 1M
,,,,as sajda,100K – 1M
,,,,sajada surah,100K – 1M
,,,,sajada surath,100K – 1M
,,,,sura al sajda,100K – 1M
,,,,sura as sajda,100K – 1M
,,,,sura as sajdah,100K – 1M
,,,,sura sajada,100K – 1M
,,,,sura sajadah,100K – 1M
,,,,sura sajda,100K – 1M
,,,,sura sajdah,100K – 1M
,,,,surah al sajadah,100K – 1M
,,,,surah as sajada,100K – 1M
,,,,surah as sajadah,100K – 1M
,,,,surah as sajda,100K – 1M
,,,,surah al sajdah with urdu translation,1K – 10K
,,,,surah sajdah transliteration,1K – 10K
,,,,surah sajdah urdu translation,1K – 10K
,,,,surah sajdah with urdu translation,1K – 10K
,,,,surah sajdah,100K – 1M
,,,,as sajdah,100K – 1M
,,,,surah hamim sajdah,1K – 10K
33,Al Ahzab,surah al ahzab,10K – 100K,sorah ahzab,10K – 100K
,,,,sura ahzaab,10K – 100K
,,,,sura al ahzab,10K – 100K
,,,,sura e ahzab,10K – 100K
,,,,surah ahzab,10K – 100K
,,,,surah al ahzaab,10K – 100K
,,,,surat ahzab,10K – 100K
,,,,surat al ahzab,10K – 100K
,,,,surat ul ahzab,10K – 100K
,,,,suratul ahzab,10K – 100K
,,,,surah alahzab,10K – 100K
,,,,sureh ahzab,10K – 100K
,,,,surat alahzab,10K – 100K
,,,,surah ahzab with urdu translation,1K – 10K
,,,,surah ahzab in english,1K – 10K
,,,,surah ahzab translation,1K – 10K
,,,,surah al ahzab urdu translation,1K – 10K
,,,,surah ahzab,10K – 100K
,,,,surah alahzab,10K – 100K
,,,,ahzab surah,1K – 10K
,,,,surah ahzab 35,1K – 10K
34,Saba,surah saba,10K – 100K,sura saba,10K – 100K
,,,,suratul saba,10K – 100K
,,,,sureh saba,10K – 100K
,,,,Saba,100K – 1M
,,,,praise be to allah,1K – 10K
,,,,surah 34,1K – 10K
,,,,all praise is due to allah,1K – 10K
,,,,surah saba urdu translation,1K – 10K
,,,,surah saba with urdu translation,1K – 10K
35,Fatir,Surah Fatir,10K – 100K,fatir surah,10K – 100K
,,,,sorat fatir,10K – 100K
,,,,surah al fatir,10K – 100K
,,,,surat fatir,10K – 100K
,,,,surah faatir,10K – 100K
,,,,surah fatir with urdu translation,1K – 10K
,,,,surah fatir ayat 22,1K – 10K
,,,,surat al fatir,1K – 10K
36,Yasin,surah yaseen,1M – 10M,soora yaseen,1M – 10M
,,,,soora yasin,1M – 10M
,,,,soorah yaseen,1M – 10M
,,,,soorah yasin,1M – 10M
,,,,soorat yaseen,1M – 10M
,,,,soorathu yaseen,1M – 10M
,,,,soorathul yaseen,1M – 10M
,,,,soorayaseen,1M – 10M
,,,,soore yaseen,1M – 10M
,,,,soore yasin,1M – 10M
,,,,sora e yaseen,1M – 10M
,,,,sora e yasin,1M – 10M
,,,,sora yasee,1M – 10M
,,,,sora yaseen,1M – 10M
,,,,sora yasin,1M – 10M
,,,,sora yassin,1M – 10M
,,,,sorah yasee,1M – 10M
,,,,sorah yaseen,1M – 10M
,,,,yaseen pdf,100K – 1M
,,,,yasin arbi,100K – 1M
,,,,surah yaseen with urdu translation,10K – 100K
,,,,surah yaseen english translation,10K – 100K
,,,,surah yaseen transliteration,10K – 100K
,,,,yaseen shareef pdf,10K – 100K
,,,,surah yaseen english,10K – 100K
,,,,yaseen in english,10K – 100K
,,,,english translation of surah yasin,10K – 100K
,,,,full surah yaseen with urdu translation,10K – 100K
,,,,hindi yasin sharif,10K – 100K
,,,,surah al yaseen translation,10K – 100K
,,,,surah ya sin english,10K – 100K
,,,,surah yaseen for read,10K – 100K
,,,,surah yaseen full urdu translation,10K – 100K
37,As Saffat,surah as saffat,10K – 100K,al saffat,10K – 100K
,,,,as saffat,10K – 100K
,,,,saffat surah,10K – 100K
,,,,sura safat,10K – 100K
,,,,sura saffat,10K – 100K
,,,,surah al safat,10K – 100K
,,,,surah al saffat,10K – 100K
,,,,surah as safat,10K – 100K
,,,,surah safat,10K – 100K
,,,,surah saffat,10K – 100K
,,,,surat as saffat,10K – 100K
,,,,surat saffat,10K – 100K
,,,,surah al saffat with urdu translation,1K – 10K
,,,,surah saffat urdu translation,1K – 10K
38,Sad,Surah Sad,10K – 100K,sad surah,10K – 100K
,,,,surah al sad,10K – 100K
,,,,surah sad,10K – 100K
,,,,sura saad,10K – 100K
,,,,surah saad,10K – 100K
,,,,surah al sad,10K – 100K
,,,,qs shad 54,1K – 10K
,,,,surah sad ayat 35,1K – 10K
39,Az Zumar,surah az zumar,10K – 100K,sura zumar,10K – 100K
,,,,surah al zumar,10K – 100K
,,,,surah alzumar,10K – 100K
,,,,surah zumar,10K – 100K
,,,,surat azzumar,10K – 100K
,,,,surat zumar,10K – 100K
,,,,zumar surah,10K – 100K
,,,,surah az zumar with urdu translation,1K – 10K
,,,,surah zumar urdu translation,1K – 10K
,,,,surah alzumar,10K – 100K
,,,,surah zumar,10K – 100K
,,,,zumar surah,10K – 100K
,,,,surah zumar ayat 53,1K – 10K
40,Ghafir,Surah Ghafir,10K – 100K,sura ghafir,10K – 100K
,,,,sure ghafir,10K – 100K
,,,,al ghafir,1K – 10K
,,,,ghafir 44,1K – 10K
,,,,surah al ghafir,1K – 10K
,,,,surat al ghafir,1K – 10K
41,Fussilat,Surah Fussilat,10K – 100K,sura fusilat,10K – 100K
,,,,sura fussilat,10K – 100K
,,,,surat fussilat,10K – 100K
,,,,surat fussilat,10K – 100K
42,Ash Shura,Surah Ash Shura,10K – 100K,surah al shura,10K – 100K
,,,,surah ash shura,10K – 100K
,,,,surah ashura,10K – 100K
,,,,surah shura,10K – 100K
,,,,surah shura urdu translation,1K – 10K
,,,,surah shura with urdu translation,1K – 10K
,,,,surah shura ayat 19,1K – 10K
43,Az Zukhruf,surah zukhruf,10K – 100K,sura zukhruf,10K – 100K
,,,,Surah Az Zukhruf,1K – 10K
,,,,al zukhruf,1K – 10K
,,,,surah 43,1K – 10K
,,,,surah al zukhruf,1K – 10K
,,,,surah al zukhruf with urdu translation,1K – 10K
,,,,surah az zukhruf,1K – 10K
,,,,zukhruf,1K – 10K
,,,,surah zukhruf with urdu translation,1K – 10K
44,Ad Dukhan,surah ad dukhan,100K – 1M,ad dukhan surah,100K – 1M
,,,,dukhan surah,100K – 1M
,,,,sura dukhan,100K – 1M
,,,,sura e dukhan,100K – 1M
,,,,suradukhan,100K – 1M
,,,,surah al dukhan,100K – 1M
,,,,surah aldukhan,100K – 1M
,,,,surah dukhaan,100K – 1M
,,,,surah dukhan,100K – 1M
,,,,surat dukhaan,100K – 1M
,,,,surathul dukhan,100K – 1M
,,,,sureh dukhan,100K – 1M
,,,,surhe dukhan,100K – 1M
,,,,surat ad dukhan,10K – 100K
,,,,surat addukhan,10K – 100K
,,,,surah al dukhan with urdu translation,1K – 10K
,,,,surah dukhan in english,1K – 10K
,,,,surah dukhan transliteration,1K – 10K
,,,,surah dukhan with urdu translation,1K – 10K
,,,,surah dukhan translation,1K – 10K
45,Al Jathiyah,surah al jathiyah,1K – 10K,surah al jathiyah,1K – 10K
,,,,surah jathiyah,1K – 10K
46,Al Ahqaf,surah ahqaf,10K – 100K,surat ahqaf,10K – 100K
,,,,surah al ahqaf,1K – 10K
,,,,ahqaf,1K – 10K
,,,,al aḥqāf,1K – 10K
,,,,surah 46,1K – 10K
,,,,surah ahqaf ayat 15,1K – 10K
,,,,surat al ahqaf,1K – 10K
,,,,sura ahkaf,1M – 10M
,,,,surah ahkaf,10K – 100K
,,,,surah al ahkaf,1K – 10K
,,,,surah ahqaf,10K – 100K
,,,,surah ahqaf ayat 15,1K – 10K
47,Muhammad,surah muhammad,100K – 1M,sura muhammod,100K – 1M
,,,,muhammad surah,100K – 1M
,,,,surah muhammd,100K – 1M
,,,,surath muhammed,100K – 1M
,,,,sorat muhammad,100K – 1M
,,,,sura muhammad,100K – 1M
,,,,surah al muhammad,100K – 1M
,,,,surah e muhammad,100K – 1M
,,,,surah muhamad,100K – 1M
,,,,surah muhammad,100K – 1M
,,,,surat muhamad,100K – 1M
,,,,surat muhammad,100K – 1M
,,,,suratul muhammad,100K – 1M
,,,,sure muhammad,100K – 1M
,,,,sureh muhammad,100K – 1M
,,,,surha muhammad,100K – 1M
,,,,surah muhammad with urdu translation,1K – 10K
,,,,surah e muhammad with urdu translation,1K – 10K
,,,,surah muhammad translation in urdu,1K – 10K
,,,,qs muhammad,1K – 10K
48,Al Fath,surah fath,100K – 1M,soora fathah,100K – 1M
,,,,soorah fatah,100K – 1M
,,,,surah alfath,100K – 1M
,,,,surah alfatha,100K – 1M
,,,,soorah fateh,100K – 1M
,,,,soorah fathah,100K – 1M
,,,,soorat fatah,100K – 1M
,,,,soorathul fatah,100K – 1M
,,,,soorathul fateh,100K – 1M
,,,,surah fatah,100K – 1M
,,,,surat al fath,100K – 1M
,,,,surat alfath,10K – 100K
,,,,surat fath,100K – 1M
,,,,surat ul fatah,10K – 100K
,,,,surat ul fath,10K – 100K
,,,,surath fath,100K – 1M
,,,,surath fathah,100K – 1M
,,,,surah al fath in english,1K – 10K
,,,,surah fatah in english,1K – 10K
,,,,surah fath in english,1K – 10K
,,,,surah fath translation,1K – 10K
,,,,al fattah surah,100K – 1M
,,,,surah al fatah,100K – 1M
,,,,surah al fath translation,1K – 10K
,,,,surah al fath transliteration,1K – 10K
,,,,surah e fatah,1K – 10K
49,Al Hujurat,surah al hujurat,10K – 100K,sura hujrat,10K – 100K
,,,,surah al hujurat,10K – 100K
,,,,surah hujuraat,10K – 100K
,,,,surah hujurat,10K – 100K
,,,,surat al hujuraat,10K – 100K
,,,,surat al hujurat,10K – 100K
,,,,surat alhujurat,10K – 100K
,,,,surat hujrat,10K – 100K
,,,,surat ul hujrat,10K – 100K
,,,,surah al hujurat with urdu translation,1K – 10K
,,,,surah al hujurat,10K – 100K
,,,,surah hujurat,10K – 100K
,,,,surat alhujurat,10K – 100K
,,,,surah hujurat with urdu translation,1K – 10K
,,,,hujurat surah,1K – 10K
,,,,surah al hujurat urdu translation,1K – 10K
,,,,surah hujurat ayat 11,1K – 10K
50,Qaf,Surah Qaf,10K – 100K,surah qaff,1M – 10M
,,,,qaf surah,10K – 100K
,,,,sorah qaf,10K – 100K
,,,,sura qaf,10K – 100K
,,,,surah al qaf,10K – 100K
,,,,surah e qaf,10K – 100K
,,,,surah qaf,10K – 100K
,,,,surat qaf,10K – 100K
,,,,surathul qaf,10K – 100K
,,,,suratul qaf,10K – 100K
,,,,surha qaf,10K – 100K
,,,,surt qaf,10K – 100K
,,,,al kaf,100K – 1M
,,,,sura al kaf,100K – 1M
,,,,surah al kaf,100K – 1M
,,,,surah al kaff,100K – 1M
,,,,surat al kaf,100K – 1M
,,,,suratul kaf,100K – 1M
,,,,al qaf,1K – 10K
,,,,surah qaaf with urdu translation,1K – 10K
,,,,surah qaf urdu translation,1K – 10K
,,,,surah qaf with urdu translation,1K – 10K
51,Adh Dhariyat,surah adh dhariyat,1K – 10K,surah az zariyat,1K – 10K
,,,,surah dhariyat,1K – 10K
,,,,surah zariyat,1K – 10K
,,,,surah 51,1K – 10K
,,,,surah az zariyat,1K – 10K
52,At Tur,Surah At-Tur,10K – 100K,surah al tur,10K – 100K
,,,,surah tur,10K – 100K
,,,,surah at toor,10K – 100K
53,An Najm, Surah An-Najm ,10K – 100K,najm surah,10K – 100K
,,,,sorat najm,10K – 100K
,,,,sura najm,10K – 100K
,,,,surah al najam,10K – 100K
,,,,surah al najm,10K – 100K
,,,,surah an najmi,10K – 100K
,,,,surah najam,10K – 100K
,,,,surah najm,10K – 100K
,,,,surat al najm,10K – 100K
,,,,surat an najm,10K – 100K
,,,,surat annajm,10K – 100K
,,,,surat najm,10K – 100K
,,,,suratul najm,10K – 100K
,,,,sure najam,10K – 100K
,,,,surah al najm with urdu translation,1K – 10K
,,,,surah najam with urdu translation,1K – 10K
,,,,surah al najm,10K – 100K
,,,,surah an najm,10K – 100K
,,,,surah najm ayat 58,1K – 10K
,,,,surah najm urdu translation,1K – 10K
54,Al Qamar,surah al qamar,10K – 100K,sura al qamar,10K – 100K
,,,,sura qamar,10K – 100K
,,,,surah alqamar,10K – 100K
,,,,surah qamar,10K – 100K
,,,,surat al qamar,10K – 100K
,,,,surat qamar,10K – 100K
,,,,sureh qamar,10K – 100K
,,,,surah qamr,10K – 100K
,,,,soorathul kamar,10K – 100K
,,,,sura al kamar,10K – 100K
,,,,surah kamar,10K – 100K
,,,,surat al kamar,10K – 100K
,,,,suratul kamar,10K – 100K
,,,,surah al qamar with urdu translation,1K – 10K
,,,,surah qamar urdu translation,1K – 10K
,,,,surah alqamar,1K – 10K
,,,,surah qamar ayat 10,1K – 10K
,,,,surat al qamar,1K – 10K
55,Ar Rahman,surah rahman,1M – 10M,sora e rahman,1M – 10M
,,,,sora rahman,1M – 10M
,,,,sorah rahmaan,1M – 10M
,,,,sorah rahman,1M – 10M
,,,,sorahrahman,1M – 10M
,,,,sorat rahman,1M – 10M
,,,,sort rahman,1M – 10M
,,,,soura rahman,1M – 10M
,,,,suarh rahman,1M – 10M
,,,,sueah rahman,1M – 10M
,,,,sura a rahman,1M – 10M
,,,,sura ar rahman,1M – 10M
,,,,sura arahman,1M – 10M
,,,,sura arrahman,1M – 10M
,,,,sura rahman,1M – 10M
,,,,surah rehman with urdu translation,100K – 1M
,,,,surah al rahman urdu translation,100K – 1M
,,,,surah al rehman with urdu translation,100K – 1M
,,,,surah rahman in urdu translation,100K – 1M
,,,,surah rahman tarjuma in urdu,100K – 1M
,,,,surah rahman tarjuma urdu,100K – 1M
,,,,surah rahman with translation in urdu,100K – 1M
,,,,surah rehman urdu translation,100K – 1M
,,,,surah ar,1M – 10M
,,,,surah rahman with urdu translation,100K – 1M
,,,,surah rahman in english,10K – 100K
56,Al Waqiah,surah waqiah,1M – 10M,waqiah surah,100K – 1M
,,,,soora waqia,1M – 10M
,,,,soorah waqia,1M – 10M
,,,,soorah waqiah,1M – 10M
,,,,soorat waqia,1M – 10M
,,,,soorathul waqiah,1M – 10M
,,,,sora waqia,1M – 10M
,,,,sora waqiya,1M – 10M
,,,,sorah e waqia,1M – 10M
,,,,sorah waqea,1M – 10M
,,,,sorah waqia,1M – 10M
,,,,sorah waqiah,1M – 10M
,,,,sorah waqiya,1M – 10M
,,,,sorat alwaqia,1M – 10M
,,,,sorat waqia,1M – 10M
,,,,surah waqiah with urdu translation,10K – 100K
,,,,surat al waqiah arab,10K – 100K
,,,,al waqiah english,10K – 100K
,,,,surah al waqiah in english,10K – 100K
,,,,surah al waqiah in roman english,10K – 100K
,,,,surah al waqiah translation in urdu,10K – 100K
,,,,surah waqiah in roman english,10K – 100K
,,,,surah sl waqiah,1M – 10M
,,,,surah wa qiah,1M – 10M
,,,,surah al waqiah full,10K – 100K
,,,,al waqiah in english,10K – 100K
,,,,al waqiah surah,10K – 100K
,,,,al waqiah translation,10K – 100K
57,Al Hadid,Surah Al-Hadid ,10K – 100K,al hadid surah,10K – 100K
,,,,hadid surah,10K – 100K
,,,,sorat al hadid,10K – 100K
,,,,souk el had,10K – 100K
,,,,sura al hadid,10K – 100K
,,,,sura hadid,10K – 100K
,,,,surah al hadid,10K – 100K
,,,,surah hadid,10K – 100K
,,,,surat al hadid,10K – 100K
,,,,surat alhadid,10K – 100K
,,,,surat hadid,10K – 100K
,,,,sure al hadid,10K – 100K
,,,,surah al hadeed with urdu translation,1K – 10K
,,,,surah al hadid urdu translation,1K – 10K
,,,,surah al hadid with urdu translation,1K – 10K
,,,,surah hadeed urdu translation,1K – 10K
,,,,surah hadeed with urdu translation,1K – 10K
,,,,surah hadid urdu translation,1K – 10K
,,,,surah hadid with urdu translation,1K – 10K
,,,,surah al had,10K – 100K
,,,,surah al hadid ayat 20,1K – 10K
,,,,surat al hadid ayat 20,1K – 10K
,,,,surat al hadid ayat 22,1K – 10K
58,Al Mujadila,Surah Mujadila,10K – 100K,sura al mujadila,10K – 100K
,,,,sura mujadila,10K – 100K
,,,,surah al mujadila,10K – 100K
,,,,surath mujadila,10K – 100K
,,,,suratul mujadila,10K – 100K
,,,,al mujadila,10K – 100K
,,,,surat al mujadilah,10K – 100K
,,,,surah mujadila with urdu translation,1K – 10K
,,,,surah mujadila pdf,1K – 10K
,,,,al qur an surat al mujadalah ayat 11,100 – 1K
,,,,,
,,,,,
59,Al Hashr,surah al hashr,10K – 100K,hashr surah,10K – 100K
,,,,surah al hashr,10K – 100K
,,,,al hashr surah,10K – 100K
,,,,sura hashr,10K – 100K
,,,,surat ul hashr,10K – 100K
,,,,sura al hashr,10K – 100K
,,,,surah hashor,10K – 100K
,,,,surah hasor,10K – 100K
,,,,suratul hasor,10K – 100K
,,,,suratul hasr,10K – 100K
,,,,sura hasr,10K – 100K
,,,,surah hasr,10K – 100K
,,,,surah al hasr,10K – 100K
,,,,surahasr,100K – 1M
,,,,sura al hasr,10K – 100K
,,,,surah al hashr translation in urdu,1K – 10K
,,,,surah hashr last 3 ayat with urdu translation,1K – 10K
,,,,surah hashr urdu translation,1K – 10K
,,,,surah hashr with urdu translation,1K – 10K
,,,,al hashr,1K – 10K
,,,,surah hashr translation,1K – 10K
60,Al Mumtahanah,surah al mumtahanah,10K – 100K,mumtahina surah,10K – 100K
,,,,sura al mumtahina,10K – 100K
,,,,sura mumtahina,10K – 100K
,,,,surah mumtahina,10K – 100K
,,,,surat al mumtahina,10K – 100K
,,,,Surah al Mumtahina,10K – 100K
,,,,surah al mumtahanah,1K – 10K
,,,,surah mumtahanah,1K – 10K
61,As Saf,Surah Saff,10K – 100K,sura saf,10K – 100K
,,,,sura saff,10K – 100K
,,,,surah al saff,10K – 100K
,,,,surah as saf,10K – 100K
,,,,surah as saff,10K – 100K
,,,,surat al saf,10K – 100K
,,,,surat al saff,10K – 100K
,,,,surat as saff,1K – 10K
,,,,surat as shaff,1K – 10K
62,Al Jumu'ah,Surah Jumu'ah,100K – 1M,sorah jumma,100K – 1M
,,,,sorat jumma,100K – 1M
,,,,sura al juma,100K – 1M
,,,,sura juma,100K – 1M
,,,,sura jumma,100K – 1M
,,,,sura jummah,100K – 1M
,,,,surah al juma,100K – 1M
,,,,surah jumma,100K – 1M
,,,,surah jummah,100K – 1M
,,,,surat juma,100K – 1M
,,,,surat jumma,100K – 1M
,,,,surat jummah,100K – 1M
,,,,sure jumma,100K – 1M
,,,,sureh juma,100K – 1M
,,,,sureh jumah,100K – 1M
,,,,sureh jumma,100K – 1M
,,,,sureh jummah,100K – 1M
,,,,surha juma,100K – 1M
,,,,surah jumuah in roman english,1K – 10K
,,,,surah al jumu ah,10K – 100K
63,Al Munafiqun,surah al munafiqun,10K – 100K,sura al munafiqun,10K – 100K
,,,,sura munafikun,10K – 100K
,,,,surah al munafikun,10K – 100K
,,,,surah al munafiqun,10K – 100K
,,,,surah almunafiqun,10K – 100K
,,,,surah munafikun,10K – 100K
,,,,surah munafiqon,10K – 100K
,,,,surah munafiqun,10K – 100K
,,,,surat almunafiqun,10K – 100K
,,,,surat munafiqun,10K – 100K
,,,,suratul munafikun,10K – 100K
,,,,surah al munafiqun with urdu translation,1K – 10K
,,,,surah munafiqun with urdu translation,1K – 10K
,,,,al munafiqun,10K – 100K
,,,,surah almunafiqun,10K – 100K
64,Taghabun,surah taghabun,100K – 1M,soorah taghabun,100K – 1M
,,,,sura tagabun,100K – 1M
,,,,surat taghabun,100K – 1M
,,,,sureh tagabun,100K – 1M
,,,,sureh taghabun,100K – 1M
,,,,surah al taghabun with urdu translation,1K – 10K
,,,,surah taghabun translation in urdu,1K – 10K
,,,,surah taghabun urdu translation,1K – 10K
,,,,surat taghabun,100K – 1M
,,,,surah attaghabun,1K – 10K
,,,,surat at taghabun,1K – 10K
65,At Talaq,Surah At Talaq,10K – 100K,surah al talaq,10K – 100K
,,,,surah talak,10K – 100K
,,,,surah talaq,10K – 100K
,,,,surat at talaq,10K – 100K
,,,,surat talaq,10K – 100K
,,,,suratul talaq,10K – 100K
,,,,sureh talaq,10K – 100K
,,,,talaq surah,10K – 100K
,,,,surah talaq with urdu translation,1K – 10K
,,,,qs at talaq 2 3,1K – 10K
,,,,surah al talaq with urdu translation,1K – 10K
,,,,surah at talaq with urdu translation,1K – 10K
,,,,surah talaq urdu translation,1K – 10K
,,,,translation of surah talaq in urdu,1K – 10K
66,At Tahrim,surah at tahrim,10K – 100K,surah tahrim,10K – 100K
,,,,al tahrim,10K – 100K
,,,,surah 66,1K – 10K
,,,,surah al tahrim,1K – 10K
,,,,surat at tahrim,1K – 10K
,,,,surat attahrim,1K – 10K
,,,,al tahrim,10K – 100K
,,,,surah at tahrim,10K – 100K
,,,,surah tahrim,10K – 100K
,,,,surah al tahrim,1K – 10K
,,,,surat at tahrim,1K – 10K
,,,,surat attahrim,1K – 10K
67,Al Mulk,surah mulk,1M – 10M,sarah al mulk,1M – 10M
,,,,sarah almulk,1M – 10M
,,,,sarah mulk,1M – 10M
,,,,shura mulk,1M – 10M
,,,,sira mulk,1M – 10M
,,,,sirah al mulk,1M – 10M
,,,,soora mulk,1M – 10M
,,,,soorah al mulk,1M – 10M
,,,,soorah mulk,1M – 10M
,,,,soorat mulk,1M – 10M
,,,,soorathul mulk,1M – 10M
,,,,sora almulk,1M – 10M
,,,,sora e mulk,1M – 10M
,,,,sora mulak,1M – 10M
,,,,sora mulk,1M – 10M
,,,,al mulk english,10K – 100K
,,,,al mulk surah in english,10K – 100K
,,,,mulk in english,10K – 100K
,,,,mulk transliteration,10K – 100K
,,,,surah al mulk bangla translation,10K – 100K
,,,,surah al mulk in roman english,10K – 100K
,,,,surah al mulk translation in urdu,10K – 100K
,,,,almulk surah,1M – 10M
,,,,al mulk in english,10K – 100K
,,,,surah al mulk english,10K – 100K
,,,,surah al mulk with bangla translation,10K – 100K
,,,,surah e mulk with urdu translation,10K – 100K
,,,,surah al mulk,1M – 10M
68,Al Qalam,Surah Al-Qalam,10K – 100K,al qalam,10K – 100K
,,,,al qalam surah,10K – 100K
,,,,qalam,10K – 100K
,,,,sura qalm,10K – 100K
,,,,surah al qalm,10K – 100K
,,,,surah qalm,10K – 100K
,,,,surat al qalm,10K – 100K
,,,,soorathul qalam,10K – 100K
,,,,sorah qalam,10K – 100K
,,,,sorat qalam,10K – 100K
,,,,surat qalm,10K – 100K
,,,,sura al qalam,10K – 100K
,,,,sura alqalam,10K – 100K
,,,,sura qalam,10K – 100K
,,,,surae qalam,10K – 100K
,,,,surah al qalam,10K – 100K
,,,,surah alqalam,10K – 100K
,,,,surah qalak,10K – 100K
,,,,surah qalam,10K – 100K
,,,,surah qalam last 2 ayat,10K – 100K
,,,,surah al qalam urdu translation,1K – 10K
,,,,surah al qalam with urdu translation,1K – 10K
,,,,surah qalam with urdu translation,1K – 10K
,,,,surah qalam,10K – 100K
,,,,surah alqalam,10K – 100K
,,,,surah kalem,10K – 100K
,,,,surah qalam last 2 ayat,10K – 100K
,,,,last ayat of surah qalam,1K – 10K
,,,,last two ayat of surah qalam,1K – 10K
,,,,qalam surah,1K – 10K
69,Al Haqqah,surah al haqqah,10K – 100K,surah al hakkah,1M – 10M
,,,,surah hakkah,1M – 10M
,,,,surah al haqa,10K – 100K
,,,,surah al haqah,10K – 100K
,,,,surah al haqq,10K – 100K
,,,,surah al haqqah,10K – 100K
,,,,surah alhaqqa,1M – 10M
,,,,surah alhaqqah,10K – 100K
,,,,surah haqah,10K – 100K
,,,,surah haqqa,10K – 100K
,,,,surah haqqah,10K – 100K
,,,,surat al haqah,10K – 100K
,,,,surat al haqqah,10K – 100K
,,,,suratul al haqqah,10K – 100K
,,,,suratul haqqah,10K – 100K
,,,,al haqqah surah,1K – 10K
70,Al Ma'arij,surah al ma arij,10K – 100K,surah al maarij,10K – 100K
,,,,surah almaarij,10K – 100K
,,,,surah maarij,10K – 100K
,,,,suratul ma arij,10K – 100K
,,,,surah 70,1K – 10K
,,,,day of judgement,100K – 1M
,,,,signs of qiyamah,1K – 10K
,,,,day of judgement in islam,10K – 100K
,,,,jannah and jahannam,1K – 10K
,,,,yawm al qiyamah,1K – 10K
71,Nuh,surah nuh,10K – 100K,sura nuh,10K – 100K
,,,,surah an nuh,10K – 100K
,,,,surat nuh,10K – 100K
,,,,suratul nuh,10K – 100K
,,,,sure nuh,10K – 100K
,,,,sureh nuh,10K – 100K
,,,,surh nuh,10K – 100K
,,,,nooh surah,10K – 100K
,,,,soora nooh,10K – 100K
,,,,soorah nooh,10K – 100K
,,,,sorah nooh,10K – 100K
,,,,sura nooh,10K – 100K
,,,,surah nooh,10K – 100K
,,,,surat nooh,10K – 100K
,,,,surath nooh,10K – 100K
,,,,surathul nooh,10K – 100K
,,,,sureh nooh,10K – 100K
,,,,surh nooh,10K – 100K
,,,,surah nuh translation in urdu,1K – 10K
,,,,surah nuh urdu translation,1K – 10K
,,,,surah nuh with urdu translation,1K – 10K
,,,,surah nuh,10K – 100K
,,,,surah an nuh,10K – 100K
,,,,nuh surah,1K – 10K
,,,,surah nooh ayat 10 11 12,1K – 10K
,,,,surah nooh ayat 10 12,1K – 10K
,,,,surah nuh ayat 10 11 12,1K – 10K
72,Al Jinn,Surah Al-Jinn,100K – 1M,jinn surah quran,100K – 1M
,,,,al jinn surah,100K – 1M
,,,,jinn surah,100K – 1M
,,,,soorah jinn,100K – 1M
,,,,sorah jin,100K – 1M
,,,,sur e jin,100K – 1M
,,,,sur e jinn,100K – 1M
,,,,sura al jin,100K – 1M
,,,,sura al jinn,100K – 1M
,,,,sura e jin,100K – 1M
,,,,sura jin,100K – 1M
,,,,sura jinn,100K – 1M
,,,,surah al jin,100K – 1M
,,,,surah al jinn,100K – 1M
,,,,surah aljinn,100K – 1M
,,,,al jinn surah,100K – 1M
,,,,jinn surah,100K – 1M
,,,,soorah jinn,100K – 1M
,,,,sorah jin,100K – 1M
,,,,sur e jin,100K – 1M
,,,,sur e jinn,100K – 1M
,,,,sura al jin,100K – 1M
,,,,sura al jinn,100K – 1M
,,,,sura e jin,100K – 1M
,,,,sura jin,100K – 1M
,,,,sura jinn,100K – 1M
,,,,surah al jin,100K – 1M
,,,,surah al jinn,100K – 1M
,,,,surah aljinn,100K – 1M
,,,,Surah Jinn,100K – 1M
,,,,surah al jinn translation in urdu,1K – 10K
,,,,surah jinn english,1K – 10K
,,,,surah jinn tarjuma ke sath,1K – 10K
,,,,surah jinn transliteration,1K – 10K
,,,,surah jinn urdu translation,1K – 10K
,,,,urdu translation of surah jinn,1K – 10K
,,,,surah jinn translation,1K – 10K
73,Al Muzzammil,surah muzammil,100K – 1M,muzamil surah,100K – 1M
,,,,muzammil surah,100K – 1M
,,,,soorah muzamil,100K – 1M
,,,,soorat muzamil,100K – 1M
,,,,soorathul muzammil,100K – 1M
,,,,sura e muzammil,100K – 1M
,,,,sura muzaml,100K – 1M
,,,,sura muzammil,100K – 1M
,,,,sura muzzamil,100K – 1M
,,,,surah al muzammil,100K – 1M
,,,,surah muz,100K – 1M
,,,,surat muzammil,100K – 1M
,,,,suratul muzzamil,100K – 1M
,,,,sureh muzammil,100K – 1M
,,,,surh muzamil,100K – 1M
,,,,sura muzammal,100K – 1M
,,,,surah muzammil with urdu translation,10K – 100K
,,,,surah al muzammil with urdu translation,10K – 100K
,,,,surah muzammil in pdf,10K – 100K
,,,,surah muzammil urdu tarjuma,10K – 100K
,,,,surah muzammil with translation in urdu,10K – 100K
,,,,muzamil surah,100K – 1M
,,,,surah muzammil in english,10K – 100K
,,,,surah muzzammil,10K – 100K
74,Al Muddaththir,surah al muddaththir,10K – 100K,sura mudassir,10K – 100K
,,,,surah al mudassir,10K – 100K
,,,,surah al muddathir,10K – 100K
,,,,surah mudassir,10K – 100K
,,,,surah muddathir,10K – 100K
,,,,surah muddaththir,10K – 100K
,,,,al muddathir,10K – 100K
,,,,al muddaththir,10K – 100K
,,,,surah al mudassir,1K – 10K
75,Al Qiyamah,surah al qiyamah,10K – 100K,surah qiyamah,10K – 100K
,,,,sura al qiyama,10K – 100K
,,,,sura qiyama,10K – 100K
,,,,sura qiyamah,10K – 100K
,,,,sura qiyamat,10K – 100K
,,,,surah al qiyama,10K – 100K
,,,,surah alqiyamah,10K – 100K
,,,,surah qiyama,10K – 100K
,,,,surah qiyamat,10K – 100K
,,,,surat al qiyama,10K – 100K
,,,,surat al qiyamah,10K – 100K
,,,,surat alqiyamah,10K – 100K
,,,,surat qiyama,10K – 100K
,,,,surat ul qiyamah,10K – 100K
,,,,suratul al qiyamah,10K – 100K
,,,,suratul qiyamah,10K – 100K
,,,,surah al qiyamah translation,1K – 10K
,,,,surah al qiyamah urdu translation,1K – 10K
,,,,surah al qiyamah with urdu translation,1K – 10K
,,,,surah qiyamah with urdu translation,1K – 10K
,,,,surah al qiyamah,10K – 100K
,,,,surah qiyamah,10K – 100K
,,,,qiyamah surah,1K – 10K
,,,,surah qiyamah translation,1K – 10K
76,Al Insan,Surah Al Insan,10K – 100K,sura al insaan,10K – 100K
,,,,sura al insan,10K – 100K
,,,,sura insan,10K – 100K
,,,,surah al insaan,10K – 100K
,,,,surah al insan,10K – 100K
,,,,surah alinsan,10K – 100K
,,,,surah insan,10K – 100K
,,,,surat al insan,10K – 100K
,,,,surah al insan translation,1K – 10K
,,,,surah al insan with urdu translation,1K – 10K
,,,,surah insan with urdu translation,1K – 10K
,,,,surah insan,10K – 100K
,,,,insan surah,1K – 10K
,,,,surah insan translation,1K – 10K
77,Al Mursalat,Surah Al Mursalat,10K – 100K,mursalat surah,10K – 100K
,,,,sura al mursalat,10K – 100K
,,,,sura mursalat,10K – 100K
,,,,surah al mursalaat,10K – 100K
,,,,surah mursalaat,10K – 100K
,,,,surah mursalat,10K – 100K
,,,,surah wal mursalat,10K – 100K
,,,,surat al mursalat,10K – 100K
,,,,surat almursalat,10K – 100K
,,,,suratul mursalat,10K – 100K
,,,,sure mursalat,10K – 100K
,,,,surah mursalat with urdu translation,1K – 10K
,,,,surah al mursalat,10K – 100K
,,,,surah al mursalat with urdu translation,1K – 10K
,,,,surah mursalat urdu translation,1K – 10K
78,An Naba,Surah An-Naba,100K – 1M,al naba surah,100K – 1M
,,,,an naba surah,100K – 1M
,,,,soora naba,100K – 1M
,,,,surat an naba,100K – 1M
,,,,surat naba,100K – 1M
,,,,suratul nabai,100K – 1M
,,,,surah an nabaa,100K – 1M
,,,,surah annaba,100K – 1M
,,,,suran naba,100K – 1M
,,,,surat al anaba,100K – 1M
,,,,surat al nabaa,100K – 1M
,,,,surat an_naba,100K – 1M
,,,,suroh annaba,100K – 1M
,,,,surah naba with urdu translation,1K – 10K
,,,,surah al naba english,1K – 10K
,,,,surah al naba english translation,1K – 10K
,,,,surah al naba in english,1K – 10K
,,,,surah al naba with urdu translation,1K – 10K
,,,,surah an naba english translation,1K – 10K
,,,,surah an naba translation,1K – 10K
,,,,surah naba bangla,1K – 10K
,,,,an naba surah,100K – 1M
,,,,surat annaba,100K – 1M
,,,,surat annaba 1 40,10K – 100K
,,,,arti surat an naba,1K – 10K
,,,,bacaan surat annaba,1K – 10K
79,An Naziat,Surah Naziat,10K – 100K,sura an naziat,10K – 100K
,,,,surah al naziat,10K – 100K
,,,,surah an naziat,10K – 100K
,,,,surat al naziat,10K – 100K
,,,,surat an naziat,10K – 100K
,,,,suratul naziat,10K – 100K
,,,,naziat surah,10K – 100K
,,,,surah an naaziaat,10K – 100K
,,,,surah naaziaat,10K – 100K
80,Abasa,Surah Abasa,10K – 100K,abasa surah,10K – 100K
,,,,sirah abasa,10K – 100K
,,,,sora abasa,10K – 100K
,,,,surah abasah,10K – 100K
,,,,surat abasa,10K – 100K
,,,,surathul abasa,10K – 100K
,,,,suratul abasa,10K – 100K
,,,,suruh abasa,10K – 100K
,,,,surahabasa,10K – 100K
,,,,surah abasa translation in urdu,1K – 10K
,,,,abasa surah,100K – 1M
,,,,abasa 1 10,1K – 10K
,,,,abasa 1 42,1K – 10K
,,,,surah abasa tafseer,1K – 10K
,,,,surah al abasa translation,1K – 10K
81,At Takwir,Surah At-Takwir,10K – 100K,sura al takwir,10K – 100K
,,,,sura at takwir,10K – 100K
,,,,surah al takwir,10K – 100K
,,,,surah at takwir,10K – 100K
,,,,surah takwir,10K – 100K
,,,,surat at takwir,10K – 100K
,,,,Surah At Takweer,10K – 100K
,,,,At Takweer,10K – 100K
,,,,at takwir,10K – 100K
,,,,al takwir,10K – 100K
,,,,surah al takwir with urdu translation,1K – 10K
,,,,surah takwir translation in urdu,1K – 10K
,,,,surah takwir transliteration,1K – 10K
,,,,surah takwir urdu translation,1K – 10K
,,,,surah takwir with urdu translation,1K – 10K
,,,,qs at takwir,1K – 10K
,,,,surah takwir translation,1K – 10K
,,,,surat takwir,1K – 10K
82,Al Infitar,surah al infitar,10K – 100K,infitar surah,10K – 100K
,,,,soorathul infitar,10K – 100K
,,,,sorah infitar,10K – 100K
,,,,sorat alinfitar,10K – 100K
,,,,sura al infitar,10K – 100K
,,,,sura infitar,10K – 100K
,,,,surah al infitor,10K – 100K
,,,,surah infetar,10K – 100K
,,,,surah infitaar,10K – 100K
,,,,surah infitar,10K – 100K
,,,,surah infitor,10K – 100K
,,,,surat al infitaar,10K – 100K
,,,,surat al infitar,10K – 100K
,,,,surat ul infitaar,10K – 100K
,,,,surah al infitar with urdu translation,1K – 10K
,,,,surah infitar transliteration,1K – 10K
,,,,surah infitar with urdu translation,1K – 10K
83,Al Mutaffifin,surah al mutaffifin,10K – 100K,mutaffifin surah,10K – 100K
,,,,soorathul mutaffifin,10K – 100K
,,,,surah al mutafifin,10K – 100K
,,,,surah almutaffifin,10K – 100K
,,,,surah mutaffifin,10K – 100K
,,,,surah mutafifeen,10K – 100K
,,,,surah mutafifin,10K – 100K
,,,,surat al mutaffifin,10K – 100K
,,,,surat al mutafifin,10K – 100K
,,,,surat al muthaffifin,10K – 100K
,,,,surah al mutaffifin translation,1K – 10K
,,,,surah mutaffifin in english,1K – 10K
,,,,surah al mutaffifin urdu translation,1K – 10K
,,,,surah mutaffifin translation,1K – 10K
,,,,surah mutaffifin transliteration,1K – 10K
,,,,surah mutaffifin with urdu translation,1K – 10K
84,Al Inshiqaq,Surah al-Inshiqaq,10K – 100K,inshiqaq surah,10K – 100K
,,,,sura inshiqaq,10K – 100K
,,,,surah al inshiqaq,10K – 100K
,,,,surah inshiqaaq,10K – 100K
,,,,surah inshiqak,10K – 100K
,,,,surah inshiqaq,10K – 100K
,,,,surat al inshiqaq,10K – 100K
,,,,surath inshiqaq,10K – 100K
,,,,sure inshiqaq,10K – 100K
,,,,sureh inshiqaq,10K – 100K
,,,,surah al inshiqaq in english,1K – 10K
,,,,surah al inshiqaq transliteration,1K – 10K
,,,,surah al inshiqaq with urdu translation,1K – 10K
,,,,surah inshiqaq in english,1K – 10K
,,,,surah inshiqaq transliteration,1K – 10K
85,Al Buruj,Surah Al Buruj,10K – 100K,surah burj,10K – 100K
,,,,surah buroj,10K – 100K
,,,,surah burooj,10K – 100K
,,,,surah buruj,10K – 100K
,,,,surat al buruj,10K – 100K
,,,,surat al buruuj,10K – 100K
,,,,surat al burūj,10K – 100K
,,,,surat alburuj,10K – 100K
,,,,surath burooj,10K – 100K
,,,,surathul buruj,10K – 100K
,,,,suratul buruj,10K – 100K
,,,,sure buruj,10K – 100K
,,,,sureh buruj,10K – 100K
,,,,sura buroj,10K – 100K
,,,,sura burooj,10K – 100K
,,,,sura buruj,10K – 100K
,,,,surah al burooj in english,1K – 10K
,,,,surah al buruj in english,1K – 10K
,,,,surah al buruj translation,1K – 10K
,,,,surah al buruj with urdu translation,1K – 10K
,,,,surah burooj in english,1K – 10K
,,,,surah burooj translation,1K – 10K
,,,,surah burooj with urdu translation,1K – 10K
,,,,surah buruj with urdu translation,1K – 10K
,,,,qs alburuj,1K – 10K
86,At Tariq,Surah At-Tariq,100K – 1M,al tariq surah,100K – 1M
,,,,sorah tariq,100K – 1M
,,,,sura at tariq,100K – 1M
,,,,sura tariq,100K – 1M
,,,,surah at tariq,100K – 1M
,,,,surah tarik,100K – 1M
,,,,surah tariq,100K – 1M
,,,,surat tariq,100K – 1M
,,,,surathul tariq,100K – 1M
,,,,suratul tariq,100K – 1M
,,,,sure tariq,100K – 1M
,,,,sureh tariq,100K – 1M
,,,,surh tariq,100K – 1M
,,,,surha tariq,100K – 1M
,,,,surt tariq,100K – 1M
,,,,surah tariq with urdu translation,1K – 10K
,,,,surah al tariq in english,1K – 10K
,,,,surah al tariq transliteration,1K – 10K
,,,,surah at tariq in english,1K – 10K
,,,,surah tariq english,1K – 10K
,,,,surah tariq in english,1K – 10K
,,,,surah tariq translation in urdu,1K – 10K
,,,,surah attariq,1K – 10K
87,Al Ala,Surah al-Ala,100K – 1M,sure al ala,100K – 1M
,,,,sura al ala,100K – 1M
,,,,sura al alaa,100K – 1M
,,,,sura al alah,100K – 1M
,,,,surah al alah,100K – 1M
,,,,surat al ala,10K – 100K
,,,,surat al alaa,10K – 100K
,,,,suratul al ala,100K – 1M
,,,,sure al ala,100K – 1M
,,,,ala surah,100K – 1M
,,,,surah ala,100K – 1M
,,,,surat alala,100K – 1M
,,,,suratul aala,10K – 100K
,,,,surah al ala translation,1K – 10K
,,,,surah al ala urdu translation,1K – 10K
,,,,surah al ala with urdu translation,1K – 10K
,,,,surah ala in english,1K – 10K
,,,,surah ala with urdu translation,1K – 10K
,,,,surah a ala,100K – 1M
,,,,surah all ala,100K – 1M
,,,,surah ala pdf,1K – 10K
88,Al Ghashiyah,Surah Al-Ghashiyah,10K – 100K,sura al ghashiyah,10K – 100K
,,,,surah al ghashiya,10K – 100K
,,,,surah al ghasiah,10K – 100K
,,,,surah al ghasyiah,10K – 100K
,,,,surah ghashiya,10K – 100K
,,,,surah ghashiyah,10K – 100K
,,,,surah ghasiah,10K – 100K
,,,,surat al ghashiya,10K – 100K
,,,,surat al ghasyiyah,10K – 100K
,,,,sura gashiya,10K – 100K
,,,,surah al gashiyah,10K – 100K
,,,,surah gashia,10K – 100K
,,,,surah gashiya,10K – 100K
,,,,surah gashiyah,10K – 100K
,,,,surah al ghashiyah in english,1K – 10K
,,,,surah ghashiya in english,1K – 10K
,,,,surah ghashiya translation in urdu,1K – 10K
,,,,surah ghashiya urdu translation,1K – 10K
89,Al Fajr,Surah Al-Fajr,100K – 1M,al fajr surah,100K – 1M
,,,,fajr surah,100K – 1M
,,,,sura fajar,100K – 1M
,,,,sura fajer,100K – 1M
,,,,sura fajor,100K – 1M
,,,,sura fajr,100K – 1M
,,,,surah e fajar,100K – 1M
,,,,surah e fajr,100K – 1M
,,,,surah fajar,100K – 1M
,,,,surah fajir,100K – 1M
,,,,surah fajor,100K – 1M
,,,,surah fajr,100K – 1M
,,,,surh fajr,100K – 1M
,,,,surha fajr,100K – 1M
,,,,sursh fajr,100K – 1M
,,,,surt fajr,100K – 1M
,,,,surah al fajr translation in urdu,10K – 100K
,,,,surah al fajr with urdu translation,10K – 100K
,,,,surah e fajr with urdu translation,10K – 100K
,,,,surah fajr translation in urdu,10K – 100K
,,,,surah fajr urdu tarjuma,10K – 100K
,,,,surah fajr urdu translation,10K – 100K
,,,,al fajr english,1K – 10K
,,,,surah fajr,100K – 1M
90,Al Balad,Surah Al-Balad ,100K – 1M,al balad surah,100K – 1M
,,,,balad surah,100K – 1M
,,,,sura al balad,100K – 1M
,,,,surat al balad,100K – 1M
,,,,surat albalad,100K – 1M
,,,,sura balad,10K – 100K
,,,,surah balad,10K – 100K
,,,,surath balat,10K – 100K
,,,,al balad,100K – 1M
,,,,surah al balad translation in urdu,1K – 10K
,,,,surah al balad with urdu translation,1K – 10K
,,,,surah balad in english,1K – 10K
,,,,surah balad translation,1K – 10K
,,,,surah balad translation in urdu,1K – 10K
,,,,surah balad urdu translation,1K – 10K
,,,,surah balad with urdu translation,1K – 10K
,,,,surah 90,1K – 10K
91,Ash Shams,Surah ash-Shams,100K – 1M,shams surah,100K – 1M
,,,,sura shams,100K – 1M
,,,,surah al shams,100K – 1M
,,,,surah as sham,100K – 1M
,,,,surah as shams,100K – 1M
,,,,surah sham,100K – 1M
,,,,surah shams,100K – 1M
,,,,surat shams,100K – 1M
,,,,suratul shams,100K – 1M
,,,,suray sharma,10K – 100K
,,,,surah 90,1K – 10K
,,,,surah shams with urdu translation,1K – 10K
,,,,surah al shams in english,1K – 10K
,,,,surah al shams transliteration,1K – 10K
,,,,surah shams english,1K – 10K
,,,,surah shams translation in urdu,1K – 10K
,,,,translation of surah shams in urdu,1K – 10K
,,,,surah shams in english,1K – 10K
92,Al Layl,surah al lail,100K – 1M,al layl surah,100K – 1M
,,,,layl surah,100K – 1M
,,,,surah layl,100K – 1M
,,,,surat layl,100K – 1M
,,,,al lail surah,100K – 1M
,,,,surah al lail,100K – 1M
,,,,surah al laili,100K – 1M
,,,,surah wal lail,100K – 1M
,,,,surat al lail,100K – 1M
,,,,surat allail,100K – 1M
,,,,surat ul lail,100K – 1M
,,,,sura layl,10K – 100K
,,,,surah al layl,10K – 100K
,,,,surat al layl,10K – 100K
,,,,surat ul layl,10K – 100K
,,,,suratul layl,10K – 100K
,,,,surah al lail in english,1K – 10K
,,,,surah al lail urdu translation,1K – 10K
,,,,surah al lail with urdu translation,1K – 10K
,,,,surah al layl in english,1K – 10K
,,,,surah lail in english,1K – 10K
,,,,surah lail urdu translation,1K – 10K
,,,,surah lail with urdu translation,1K – 10K
,,,,surah layl english,1K – 10K
,,,,al lail latin,1K – 10K
,,,,surah lail transliteration,1K – 10K
,,,,surah wallaili,1K – 10K
93,Ad Duha,surah ad duha,100K – 1M,ad duha,100K – 1M
,,,,ad duhaa,100K – 1M
,,,,al duha,100K – 1M
,,,,al duha surah,100K – 1M
,,,,aurah duha,100K – 1M
,,,,duha surah,100K – 1M
,,,,durah duha,100K – 1M
,,,,sorah waduha,100K – 1M
,,,,sorat duha,100K – 1M
,,,,sorat waduha,100K – 1M
,,,,suarh duha,100K – 1M
,,,,sueah duha,100K – 1M
,,,,sura ad duha,100K – 1M
,,,,sura aduha,100K – 1M
,,,,sura duha,100K – 1M
,,,,ad duha surah in english,10K – 100K
,,,,ad duha transliteration,10K – 100K
,,,,surah ad duha urdu translation,10K – 100K
,,,,surah al duha english,10K – 100K
,,,,surah al duha translation,10K – 100K
,,,,surah al duha transliteration,10K – 100K
,,,,surah al duha with urdu translation,10K – 100K
,,,,surah duha english,10K – 100K
,,,,surah duha with urdu translation,10K – 100K
,,,,surah ad duha translation in urdu,10K – 100K
,,,,surah al duha translation in urdu,10K – 100K
,,,,surah duha translation,10K – 100K
,,,,surah duha translation in urdu,10K – 100K
,,,,surah waduha translation in urdu,10K – 100K
,,,,urdu translation of surah duha,10K – 100K
94,As Sharh,surah as sharh,10K – 100K,al sharh,10K – 100K
,,,,ash sharh,10K – 100K
,,,,surah al sharh,10K – 100K
,,,,surah as sharh,10K – 100K
,,,,surat ash sharh,10K – 100K
,,,,alam nashrah in english,1K – 10K
,,,,surah al sharh in english,1K – 10K
,,,,surah ash sharh,10K – 100K
,,,,surah al sharh translation,1K – 10K
,,,,surah al sharh transliteration,1K – 10K
,,,,surah ash sharh transliteration,1K – 10K
95,At Tin,Surah At-Tin,100K – 1M,al tin surah,100K – 1M
,,,,at tin surah,100K – 1M
,,,,attin surah,100K – 1M
,,,,sura tin,100K – 1M
,,,,surah a tin,100K – 1M
,,,,surah ah tin,100K – 1M
,,,,surah al tin,100K – 1M
,,,,surah ar tin,100K – 1M
,,,,surah at tin,100K – 1M
,,,,surat at tin,100K – 1M
,,,,surat attin,100K – 1M
,,,,surat tin,100K – 1M
,,,,suratul tin,100K – 1M
,,,,surh attin,100K – 1M
,,,,tin sura,100K – 1M
,,,,tin surah,100K – 1M
,,,,sura tin bangla,1K – 10K
,,,,surah al tin in english,1K – 10K
,,,,surah al tin translation,1K – 10K
,,,,surah at tin in english,1K – 10K
,,,,surah tin english,1K – 10K
,,,,watini wa zaitun surah in english,1K – 10K
,,,,attin surah,100K – 1M
,,,,surah at tin ayat 4,1K – 10K
,,,,surah at tin dan terjemahan,1K – 10K
,,,,watini wa zaitun,1K – 10K
96,Al Alaq,Surah Al-Alaq,100K – 1M,al alaq surah,100K – 1M
,,,,alaq surah,100K – 1M
,,,,sorat al alaq,100K – 1M
,,,,suarh alaq,100K – 1M
,,,,sura al alaq,100K – 1M
,,,,sura e alaq,100K – 1M
,,,,surah a alaq,100K – 1M
,,,,surah aalaq,100K – 1M
,,,,surah al alaq,100K – 1M
,,,,surat al alaq,100K – 1M
,,,,surah alalaq,100K – 1M
,,,,surat alalaq,100K – 1M
,,,,surat ul alaq,100K – 1M
,,,,suratul alaq,100K – 1M
,,,,sure al alaq,100K – 1M
,,,,suruh al alaq,100K – 1M
,,,,al alaq translation,1K – 10K
,,,,english translation of surah al alaq,1K – 10K
,,,,english translation of surah iqra,1K – 10K
,,,,iqra bismi rabbika surah translation in english,1K – 10K
,,,,iqra bismi rabbika surah with english translation,1K – 10K
,,,,surah al alaq in english,1K – 10K
,,,,surah al alaq translation,1K – 10K
,,,,surah al alaq translation in urdu,1K – 10K
,,,,al alaa,100K – 1M
,,,,alaq surah,100K – 1M
,,,,surah al iqra,100K – 1M
,,,,surahal alaq,100K – 1M
,,,,surah alaq,10K – 100K
97,Al Qadr,Surah Al-Qadr,100K – 1M,soorah qadr,100K – 1M
,,,,soorathul qadar,100K – 1M
,,,,soorathul qadr,100K – 1M
,,,,sorah qadar,100K – 1M
,,,,sorah qadr,100K – 1M
,,,,sura al qadar,100K – 1M
,,,,sura al qadr,100K – 1M
,,,,sura alqadr,100K – 1M
,,,,surath qadar,100K – 1M
,,,,surath qadr,100K – 1M
,,,,surathul qadr,100K – 1M
,,,,suratul al qadr,100K – 1M
,,,,suratul qadr,100K – 1M
,,,,surah qadr in english,10K – 100K
,,,,al qadr english,10K – 100K
,,,,al qadr in english,10K – 100K
,,,,al qadr surah in english,10K – 100K
,,,,lailatul qadr surah in english,10K – 100K
,,,,laylatul qadr surah in english,10K – 100K
,,,,surah e qadr in english,10K – 100K
,,,,surah al qadr,100K – 1M
,,,,surah lailatul qadr,10K – 100K
,,,,lailatul qadr surah,10K – 100K
,,,,surah al qadr in english,10K – 100K
,,,,innaanzalna surah,10K – 100K
,,,,lailatul qadar surah,10K – 100K
,,,,surah innaanzalna,10K – 100K
98,Al Bayyinah,Surah Al-Bayyinah,100K – 1M,sura al bayyinah,100K – 1M
,,,,surah al bayyina,100K – 1M
,,,,surah al bayyinah,100K – 1M
,,,,surah al bayyinat,100K – 1M
,,,,surah al bayyinnah,100K – 1M
,,,,surah e bayyinah,100K – 1M
,,,,surat al bayyina,100K – 1M
,,,,surat al bayyinah,100K – 1M
,,,,surat albayyinah,100K – 1M
,,,,suroh al bayyinah,100K – 1M
,,,,suruh al bayyinah,100K – 1M
,,,,sura bayina,10K – 100K
,,,,sura bayyina,10K – 100K
,,,,surah bayina,10K – 100K
,,,,surah bayyinah,10K – 100K
,,,,surat bayyina,10K – 100K
,,,,surah al bayyinah translation,1K – 10K
,,,,surah bayyinah english,1K – 10K
,,,,surah bayyinah translation in urdu,1K – 10K
,,,,surah bayyinah urdu translation,1K – 10K
,,,,surah bayyinah with urdu translation,1K – 10K
,,,,translation of surah bayyinah,1K – 10K
,,,,surah bayyinah,10K – 100K
,,,,bayyinah surah,10K – 100K
,,,,al bayyinah transliteration,1K – 10K
,,,,lam yakunil lazi surah,1K – 10K
,,,,surah bayyinah translation,1K – 10K
99,Az Zalzalah,surah az zalzalah,10K – 100K,sura zalzala,100K – 1M
,,,,surat az zalzala,100K – 1M
,,,,surat az zalzalah,100K – 1M
,,,,surat al zalzal,10K – 100K
,,,,surat al zalzalh,10K – 100K
,,,,sura al zalzala,10K – 100K
,,,,sura al zalzalah,10K – 100K
,,,,sura zalzalah,10K – 100K
,,,,sura zilzalah,10K – 100K
,,,,surah al zalzalah,10K – 100K
,,,,surah al zilzalah,10K – 100K
,,,,surah zalzalah,10K – 100K
,,,,surah zilzalah,10K – 100K
,,,,surat al zalzala,10K – 100K
,,,,surat al zalzalah,10K – 100K
,,,,surat alzalzalah,10K – 100K
,,,,surat azzalzalah,10K – 100K
,,,,sureh zilzalaha,10K – 100K
,,,,suroh alzalzalah,10K – 100K
,,,,suruh al zalzalah,10K – 100K
,,,,al zalzalah english,1K – 10K
,,,,surah al zalzalah in english,1K – 10K
,,,,surah zilzal in english,1K – 10K
,,,,english translation of surah zilzal,1K – 10K
,,,,surah zilzal english translation,1K – 10K
,,,,surah zilzal translation,1K – 10K
,,,,surah zilzal translation in english,1K – 10K
,,,,surah zilzal urdu translation,1K – 10K
,,,,translation of surah al zalzalah,1K – 10K
,,,,translation of surah zilzal in english,1K – 10K
,,,,translation of surah zilzal in urdu,1K – 10K
100,Al Adiyat,Surah Al Adiyat ,100K – 1M,surat ul adiyat,100K – 1M
,,,,surah aladiat,100K – 1M
,,,,surat aladiat,100K – 1M
,,,,surat aladiyat,100K – 1M
,,,,sura al adiat,100K – 1M
,,,,sura al adiyat,100K – 1M
,,,,surah al aadiat,100K – 1M
,,,,surah al adiah,100K – 1M
,,,,surah al adiat,100K – 1M
,,,,surah al adiyaat,100K – 1M
,,,,surah al adiyath,100K – 1M
,,,,surat al adiat,100K – 1M
,,,,surat ul adiyat,100K – 1M
,,,,suratul adiya,100K – 1M
,,,,suratul adiyah,100K – 1M
,,,,suratul adiyat,100K – 1M
,,,,surah adiyat translation in urdu,1K – 10K
,,,,surah adiyat urdu translation,1K – 10K
,,,,surah al adiyat with urdu translation,1K – 10K
,,,,surah al a diyat,100K – 1M
,,,,adiyat meaning,1K – 10K
,,,,al adiyat transliteration,1K – 10K
,,,,meaning of surah al adiyat,1K – 10K
,,,,surah adiyat english,1K – 10K
,,,,surah adiyat tafseer,1K – 10K
101,Al Qari'ah,Surah Al-Qariah,100K – 1M,Surah Al-Qari'ah,100K – 1M
,,,,surah al qari ah,10K – 100K
,,,,surah al qariah,10K – 100K
,,,,surah qari ah,10K – 100K
,,,,surah qariah,10K – 100K
,,,,surah qarish,10K – 100K
,,,,surah qariya,10K – 100K
,,,,surah qariyah,10K – 100K
,,,,surat al qariah,10K – 100K
,,,,sureh qaria,10K – 100K
,,,,suruh al qariah,100K – 1M
,,,,surah kariah,10K – 100K
,,,,al qari ah in english,1K – 10K
,,,,al qariah english,1K – 10K
,,,,al qariah english translation,1K – 10K
,,,,al qariah surah in english,1K – 10K
,,,,al qariah translation,1K – 10K
,,,,surah al qari ah in english,1K – 10K
,,,,surah al qari ah translation in english,1K – 10K
,,,,surah al qari ah transliteration,1K – 10K
,,,,surah al qariah english translation,1K – 10K
,,,,surah al qariah translation in urdu,1K – 10K
,,,,surah al qariah urdu translation,1K – 10K
,,,,al qari ah latin,1K – 10K
102,At Takathur,surah takathur,10K – 100K,al takathur surah,10K – 100K
,,,,at takasur,10K – 100K
,,,,at takasur surah,10K – 100K
,,,,at takathur surah,10K – 100K
,,,,sorah takasur,10K – 100K
,,,,sorat takasur,10K – 100K
,,,,sura al takasur,10K – 100K
,,,,sura takasor,10K – 100K
,,,,sura takasur,10K – 100K
,,,,surah al takasur,10K – 100K
,,,,surah at takasur,10K – 100K
,,,,surah takasoor,10K – 100K
,,,,surah takasor,10K – 100K
,,,,surah takasur,10K – 100K
,,,,surat at takasur,10K – 100K
,,,,surat at takatsur,10K – 100K
,,,,suratu takasur,10K – 100K
,,,,surah al takasur translation in english,1K – 10K
,,,,surah al takasur urdu translation,1K – 10K
,,,,surah al takathur english,1K – 10K
,,,,surah al takathur english translation,1K – 10K
,,,,surah al takathur in english,1K – 10K
,,,,surah at takathur in english,1K – 10K
,,,,surah takasur bangla,1K – 10K
,,,,surah takasur english translation,1K – 10K
,,,,surah al takasur with urdu translation,1K – 10K
,,,,surah al takathur transliteration,1K – 10K
103,Al Asr,surah asr,100K – 1M,wal asr surah,100K – 1M
,,,,al asr,100K – 1M
,,,,al asr surah,100K – 1M
,,,,sorah asr,100K – 1M
,,,,suarh asr,100K – 1M
,,,,sura asr,100K – 1M
,,,,soorathul asr,10K – 100K
,,,,salat asr,10K – 100K
,,,,sueah al asr,10K – 100K
,,,,sura al asr,10K – 100K
,,,,sura e asr,10K – 100K
,,,,surahal asr,10K – 100K
,,,,surat al asr,10K – 100K
,,,,al asr english,1K – 10K
,,,,al asr in english,1K – 10K
,,,,al asr surah in english,1K – 10K
,,,,al asr translation in english,1K – 10K
,,,,bangla namaz surah,1K – 10K
,,,,english translation of surah al asr,1K – 10K
,,,,english translation of surah asr,1K – 10K
,,,,al asr surah translation,1K – 10K
,,,,al asr tafseer,1K – 10K
,,,,al asr tafsir,1K – 10K
,,,,al asr translation,1K – 10K
104,Al Humazah,Surah Al-Humazah,10K – 100K,soorathul humaza,10K – 100K
,,,,soorathul humazah,10K – 100K
,,,,sorat humaza,10K – 100K
,,,,sura al humaza,10K – 100K
,,,,sura al humazah,10K – 100K
,,,,surah al humaza,10K – 100K
,,,,surah alhumazah,10K – 100K
,,,,surah humaja,10K – 100K
,,,,surah humajah,10K – 100K
,,,,surah humaza,10K – 100K
,,,,surah humazah,10K – 100K
,,,,surah humazat,10K – 100K
,,,,surat al humajah,10K – 100K
,,,,surat al humaza,10K – 100K
,,,,surat al humazah,10K – 100K
,,,,al humaza,100K – 1M
,,,,al humazah english,1K – 10K
,,,,surah al humazah english translation,1K – 10K
,,,,surah al humazah in english,1K – 10K
,,,,surah al humazah translation in english,1K – 10K
,,,,surah al humazah transliteration,1K – 10K
,,,,surah al humazah urdu translation,1K – 10K
,,,,surah al humazah with english translation,1K – 10K
,,,,surah al humazah with urdu translation,1K – 10K
,,,,surah humazah bangla,1K – 10K
,,,,surah humazah english,1K – 10K
,,,,surah humazah english translation,1K – 10K
,,,,al humazah surah,1K – 10K
,,,,baca surat al humazah,1K – 10K
105,Al Fil,surah al fil,100K – 1M,sura al fil,100K – 1M
,,,,sura fil,100K – 1M
,,,,surah al fil,100K – 1M
,,,,surah alfil,100K – 1M
,,,,surah alfill,100K – 1M
,,,,surahal fil,100K – 1M
,,,,surat al fil,100K – 1M
,,,,surat alfil,100K – 1M
,,,,surat alfill,100K – 1M
,,,,surat ul fil,100K – 1M
,,,,surate al fil,100K – 1M
,,,,suratul al fil,100K – 1M
,,,,suratul fil,100K – 1M
,,,,suruh al fil,100K – 1M
,,,,suruh al fill,100K – 1M
,,,,suruh alfil,100K – 1M
,,,,soorathul feel,10K – 100K
,,,,sorah feel,10K – 100K
,,,,suarh feel,10K – 100K
,,,,soorathul feel,10K – 100K
,,,,sorah feel,10K – 100K
,,,,suarh feel,10K – 100K
,,,,al feel surah,100K – 1M
,,,,alam tara kaifa surah in english,1K – 10K
,,,,alam tara surah in english,1K – 10K
,,,,surah al feel english,1K – 10K
,,,,surah al fil translation,1K – 10K
,,,,surah feel english,1K – 10K
,,,,surah feel english transliteration,1K – 10K
,,,,surah feel with urdu translation,1K – 10K
,,,,surah fil bangla,1K – 10K
,,,,surah al feel,10K – 100K
,,,,al fill surah,1K – 10K
,,,,surah al fil english,1K – 10K
,,,,surah feel ka tarjuma,1K – 10K
,,,,surah feel transliteration,1K – 10K
106,Quraysh,Surah Quraish,100K – 1M,sora e quraish,100K – 1M
,,,,sorah quraish,100K – 1M
,,,,sorat quraish,100K – 1M
,,,,sura qurais,100K – 1M
,,,,sura quraish,100K – 1M
,,,,surah e quraish,100K – 1M
,,,,surah quraishi,100K – 1M
,,,,surat quraish,100K – 1M
,,,,surathul quraish,100K – 1M
,,,,suratul quraish,100K – 1M
,,,,sureh quraish,100K – 1M
,,,,surh quraish,100K – 1M
,,,,surha quraish,100K – 1M
,,,,surt quraish,100K – 1M
,,,,quraish surah,100K – 1M
,,,,soorah quraish,100K – 1M
,,,,surah quraysh,100K – 1M
,,,,surat quraysh,100K – 1M
,,,,suratul quraysh,100K – 1M
,,,,surah quraish english,10K – 100K
,,,,surah al quraish in english,10K – 100K
,,,,surah al quraish,10K – 100K
,,,,quraysh,10K – 100K
,,,,surah al quraish in english,10K – 100K
,,,,english translation of surah quraish,1K – 10K
,,,,lilafi quraish surah in english,1K – 10K
,,,,surah e quraish with urdu translation,1K – 10K
,,,,surah quraish in english translation,1K – 10K
,,,,quraish surah,100K – 1M
,,,,surah e quraish,100K – 1M
,,,,surah al quraish,10K – 100K
,,,,surah quraish english,10K – 100K
,,,,ilafi quraish surah,1K – 10K
,,,,araital lazi surah in english,1K – 10K
107,Al Maun,surah al maun,100K – 1M,maun surah,100K – 1M
,,,,surah al maub,100K – 1M
,,,,surah al maun,100K – 1M
,,,,surah al mauun,100K – 1M
,,,,surah maun,100K – 1M
,,,,surah mauun,100K – 1M
,,,,surahal maun,100K – 1M
,,,,surat al_maun,100K – 1M
,,,,surat almaun,100K – 1M
,,,,surat maun,100K – 1M
,,,,surat ul maun,100K – 1M
,,,,suratul al maun,100K – 1M
,,,,sureh maun,100K – 1M
,,,,surh maun,100K – 1M
,,,,surha maun,100K – 1M
,,,,suruh al maun,100K – 1M
,,,,suruh almaun,100K – 1M
,,,,surah al maun translation in urdu,1K – 10K
,,,,surah al maun transliteration,1K – 10K
,,,,surah al maun urdu translation,1K – 10K
,,,,surah maun bangla,1K – 10K
,,,,surah maun english translation,1K – 10K
,,,,surah maun in english,1K – 10K
,,,,al maun tafsir,1K – 10K
,,,,arti surat almaun,1K – 10K
,,,,surah al maun english,1K – 10K
,,,,surah al maun tafseer,1K – 10K
108,Al Kawthar,Surah Al Kausar,100K – 1M,al kausar surah,100K – 1M
,,,,kausar surah,100K – 1M
,,,,soorathul kausar,100K – 1M
,,,,sura kausar,100K – 1M
,,,,surah al kautsar,100K – 1M
,,,,surah kausae,100K – 1M
,,,,surah kausar,100K – 1M
,,,,surah kausat,100K – 1M
,,,,surah kauser,100K – 1M
,,,,suraj kausar,100K – 1M
,,,,surat al kautsar,100K – 1M
,,,,sureh kausar,100K – 1M
,,,,surh kausar,100K – 1M
,,,,surha kausar,100K – 1M
,,,,surhe kausar,100K – 1M
,,,,surah al kausar in english,10K – 100K
,,,,surah kausar english,10K – 100K
,,,,surah kausar translation in english,10K – 100K
,,,,english translation of surah al kausar,1K – 10K
,,,,inna ataina kal kausar in english,1K – 10K
,,,,surah al kausar english translation,1K – 10K
,,,,surah al kausar translation in urdu,1K – 10K
,,,,surah al kausar transliteration,1K – 10K
,,,,meaning of surah kausar,1K – 10K
109,Al Kafirun,surah kafirun,100K – 1M,surathul kafiroon,100K – 1M
,,,,sura kaferun,100K – 1M
,,,,surah al kaferun,100K – 1M
,,,,surah kaferun,100K – 1M
,,,,surahal kafirun,100K – 1M
,,,,sura al kafirun,100K – 1M
,,,,surahkafirun,100K – 1M
,,,,surh kafirun,100K – 1M
,,,,suraj al kafirun,100K – 1M
,,,,surat al kafirun,100K – 1M
,,,,surah kafirun transliteration,10K – 100K
,,,,surah kafirun english,10K – 100K
,,,,surah kafirun translation,10K – 100K
,,,,surah kafirun in english,10K – 100K
,,,,surah al kafirun transliteration,10K – 100K
,,,,al kafirun english,10K – 100K
,,,,al kafirun surah in english,10K – 100K
,,,,kafiroon surah english,10K – 100K
,,,,kafirun surah english,10K – 100K
,,,,kafirun surah in english,10K – 100K
,,,,sura kafirun bangla,10K – 100K
,,,,surah al kafiroon english,10K – 100K
,,,,surah al kafirun english,10K – 100K
,,,,surah ak kafirun,100K – 1M
,,,,surah kafirun,100K – 1M
,,,,al kafirun transliteration,10K – 100K
,,,,kafirun surah,10K – 100K
,,,,surah al kafirun translation,10K – 100K
,,,,surah kafiroon in english,10K – 100K
110,An Nasr,Surah An Nasr,,al nasr surah,100K – 1M
,,,,nasr surah,100K – 1M
,,,,sorah nasr,100K – 1M
,,,,sura al nasr,100K – 1M
,,,,sura an nasr,100K – 1M
,,,,sura nasr,100K – 1M
,,,,surah al nasr,100K – 1M
,,,,surah an nasr,100K – 1M
,,,,surah nasr,100K – 1M
,,,,surah nasrh,100K – 1M
,,,,surah nasri,100K – 1M
,,,,surat al nasr,100K – 1M
,,,,surat an nasr,100K – 1M
,,,,surat annasr,100K – 1M
,,,,surat nasr,100K – 1M
,,,,surathul nasr,100K – 1M
,,,,suratul nasr,100K – 1M
,,,,sureh nasr,100K – 1M
,,,,an nasr surah,10K – 100K
,,,,surah nas english,10K – 100K
,,,,surah nas in english,10K – 100K
,,,,english translation of surah al naas,1K – 10K
,,,,english translation of surah nas,1K – 10K
,,,,meaning of surah naas,1K – 10K
,,,,surah an nas translation in english,1K – 10K
,,,,surah nas in arabic text,1K – 10K
,,,,meaning of surah an nas,1K – 10K
,,,,translation of surah nas in english,1K – 10K
111,Al Lahab,Surah Al Lahab,100K – 1M,al lahab,100K – 1M
,,,,al lahab surah,100K – 1M
,,,,lahab surah,100K – 1M
,,,,suarh lahab,100K – 1M
,,,,surah lahab,100K – 1M
,,,,surat lahab,100K – 1M
,,,,surathul lahab,100K – 1M
,,,,suratul lahab,100K – 1M
,,,,sureh lahab,100K – 1M
,,,,surh lahab,100K – 1M
,,,,surha lahab,100K – 1M
,,,,surt lahab,100K – 1M
,,,,al masad,100K – 1M
,,,,almasad,100K – 1M
,,,,surah al lahab in english,1K – 10K
,,,,surah lahab bangla,1K – 10K
,,,,surah lahab english,1K – 10K
,,,,surah tabbat yada in english,1K – 10K
,,,,tabbat yada surah english,1K – 10K
,,,,lahab surah,100K – 1M
,,,,surah tabbatyada,10K – 100K
,,,,surah lahab translation,1K – 10K
,,,,surah lahab translation in english,1K – 10K
,,,,surah lahab translation in urdu,1K – 10K
,,,,surah tabbat,1K – 10K
,,,,tabbat yada surah in english,1K – 10K
112,Al Ikhlas,Surah Al Ikhlas,,sirah al ikhlas,100K – 1M
,,,,sirah ikhlas,100K – 1M
,,,,soorah ikhlas,100K – 1M
,,,,soorat ikhlas,100K – 1M
,,,,soorathul ikhlas,100K – 1M
,,,,sora ikhlas,100K – 1M
,,,,sorah ikhlas,100K – 1M
,,,,sorat al ikhlas,100K – 1M
,,,,sorat el ikhlas,100K – 1M
,,,,sorat ikhlas,100K – 1M
,,,,suarh ikhlas,100K – 1M
,,,,sur e ikhlas,100K – 1M
,,,,sura al ikhlas,100K – 1M
,,,,sura alikhlas,100K – 1M
,,,,sura e ikhlaas,100K – 1M
,,,,sura e ikhlas,100K – 1M
,,,,sura ikhlaas,100K – 1M
,,,,sura ikhlas,100K – 1M
,,,,sura ikhlass,100K – 1M
,,,,surah a ikhlas,100K – 1M
,,,,surah ak ikhlas,100K – 1M
,,,,surah al ikhlaa,100K – 1M
,,,,surah al ikhlas translation in urdu,10K – 100K
,,,,surah ikhlas translation,10K – 100K
,,,,translation of suratul ikhlas,10K – 100K
,,,,arabic surah ikhlas,1K – 10K
,,,,english translation of surah al ikhlas,1K – 10K
,,,,surah ikhlas,100K – 1M
,,,,surah an_nas,100K – 1M
,,,,al ikhlas surah in english,10K – 100K
,,,,ikhlas surah,10K – 100K
113,Al Falaq,surah al falaq,100K – 1M,surah falaq,100K – 1M
,,,,al falaq,100K – 1M
,,,,surah falaq,100K – 1M
,,,,sura al falaq,100K – 1M
,,,,surah a falaq,100K – 1M
,,,,surah alfalaq,100K – 1M
,,,,surah falaq,100K – 1M
,,,,surah tul falaq,100K – 1M
,,,,surat ul falaq,100K – 1M
,,,,surathul falaq,100K – 1M
,,,,suratul falaq,100K – 1M
,,,,al falaq surah in english,10K – 100K
,,,,falaq surah in english,10K – 100K
,,,,surah falaq in english,10K – 100K
,,,,english translation of surah al falaq,1K – 10K
,,,,english translation of surah falaq,1K – 10K
,,,,meaning of surah al falaq,1K – 10K
,,,,surah al falaq english translation,1K – 10K
,,,,surah al falaq in english translation,1K – 10K
,,,,surah al falaq in roman english,1K – 10K
114,An Nas,surah an nas,100K – 1M,al nas surah,100K – 1M
,,,,an nas surah,100K – 1M
,,,,nas surah,100K – 1M
,,,,sura an nas,100K – 1M
,,,,sura nas,100K – 1M
,,,,surah al nas,100K – 1M
,,,,surah an_nas,100K – 1M
,,,,surah nas,100K – 1M
,,,,suran nas,100K – 1M
,,,,surat al nas,100K – 1M
,,,,surat an nas,100K – 1M
,,,,suratu nas,100K – 1M
,,,,surah al naas,100K – 1M
,,,,surat an naas,100K – 1M
,,,,al nas surah in english,10K – 100K
,,,,sura nas bangla,10K – 100K
,,,,surah al nas bangla,10K – 100K
,,,,surah al nas english,10K – 100K
,,,,surah nas bangla,10K – 100K
,,,,surah nas english,10K – 100K
,,,,surah nas in english,10K – 100K